Serial Number,MQ135,Gas
0,416,NoGas
1,416,NoGas
2,416,NoGas
3,416,NoGas
4,416,NoGas
5,416,NoGas
6,416,NoGas
7,416,NoGas
8,416,NoGas
9,416,NoGas
10,416,NoGas
11,415,NoGas
12,415,NoGas
13,415,NoGas
14,415,NoGas
15,415,NoGas
16,415,NoGas
17,415,NoGas
18,415,NoGas
19,414,NoGas
20,414,NoGas
21,414,NoGas
22,413,NoGas
23,413,NoGas
24,413,NoGas
25,412,NoGas
26,412,NoGas
27,413,NoGas
28,412,NoGas
29,412,NoGas
30,411,NoGas
31,411,NoGas
32,412,NoGas
33,412,NoGas
34,412,NoGas
35,411,NoGas
36,411,NoGas
37,411,NoGas
38,410,NoGas
39,410,NoGas
40,410,NoGas
41,410,NoGas
42,409,NoGas
43,409,NoGas
44,409,NoGas
45,408,NoGas
46,408,NoGas
47,398,NoGas
48,395,NoGas
49,388,NoGas
50,390,NoGas
51,389,NoGas
52,391,NoGas
53,389,NoGas
54,392,NoGas
55,387,NoGas
56,387,NoGas
57,387,NoGas
58,388,NoGas
59,447,NoGas
60,448,NoGas
61,443,NoGas
62,447,NoGas
63,440,NoGas
64,441,NoGas
65,446,NoGas
66,447,NoGas
67,445,NoGas
68,445,NoGas
69,439,NoGas
70,438,NoGas
71,443,NoGas
72,443,NoGas
73,442,NoGas
74,436,NoGas
75,441,NoGas
76,443,NoGas
77,435,NoGas
78,448,NoGas
79,433,NoGas
80,434,NoGas
81,438,NoGas
82,465,NoGas
83,462,NoGas
84,469,NoGas
85,469,NoGas
86,458,NoGas
87,465,NoGas
88,465,NoGas
89,463,NoGas
90,461,NoGas
91,457,NoGas
92,459,NoGas
93,458,NoGas
94,449,NoGas
95,465,NoGas
96,454,NoGas
97,450,NoGas
98,456,NoGas
99,449,NoGas
100,449,NoGas
101,448,NoGas
102,447,NoGas
103,446,NoGas
104,449,NoGas
105,444,NoGas
106,443,NoGas
107,441,NoGas
108,441,NoGas
109,446,NoGas
110,446,NoGas
111,443,NoGas
112,444,NoGas
113,446,NoGas
114,443,NoGas
115,446,NoGas
116,442,NoGas
117,446,NoGas
118,445,NoGas
119,435,NoGas
120,449,NoGas
121,446,NoGas
122,443,NoGas
123,439,NoGas
124,442,NoGas
125,439,NoGas
126,437,NoGas
127,443,NoGas
128,438,NoGas
129,432,NoGas
130,433,NoGas
131,432,NoGas
132,431,NoGas
133,429,NoGas
134,429,NoGas
135,429,NoGas
136,476,NoGas
137,475,NoGas
138,473,NoGas
139,471,NoGas
140,470,NoGas
141,468,NoGas
142,468,NoGas
143,465,NoGas
144,465,NoGas
145,464,NoGas
146,462,NoGas
147,460,NoGas
148,459,NoGas
149,455,NoGas
150,456,NoGas
151,457,NoGas
152,457,NoGas
153,456,NoGas
154,455,NoGas
155,454,NoGas
156,453,NoGas
157,453,NoGas
158,452,NoGas
159,451,NoGas
160,450,NoGas
161,450,NoGas
162,450,NoGas
163,450,NoGas
164,451,NoGas
165,451,NoGas
166,450,NoGas
167,450,NoGas
168,450,NoGas
169,450,NoGas
170,450,NoGas
171,450,NoGas
172,449,NoGas
173,449,NoGas
174,448,NoGas
175,448,NoGas
176,448,NoGas
177,447,NoGas
178,446,NoGas
179,447,NoGas
180,446,NoGas
181,446,NoGas
182,446,NoGas
183,446,NoGas
184,445,NoGas
185,444,NoGas
186,444,NoGas
187,443,NoGas
188,460,NoGas
189,479,NoGas
190,485,NoGas
191,465,NoGas
192,465,NoGas
193,463,NoGas
194,461,NoGas
195,460,NoGas
196,459,NoGas
197,458,NoGas
198,458,NoGas
199,456,NoGas
200,456,NoGas
201,455,NoGas
202,454,NoGas
203,453,NoGas
204,453,NoGas
205,452,NoGas
206,451,NoGas
207,451,NoGas
208,450,NoGas
209,449,NoGas
210,449,NoGas
211,448,NoGas
212,448,NoGas
213,447,NoGas
214,447,NoGas
215,446,NoGas
216,445,NoGas
217,445,NoGas
218,444,NoGas
219,444,NoGas
220,443,NoGas
221,443,NoGas
222,442,NoGas
223,442,NoGas
224,441,NoGas
225,465,NoGas
226,470,NoGas
227,474,NoGas
228,473,NoGas
229,472,NoGas
230,471,NoGas
231,470,NoGas
232,469,NoGas
233,468,NoGas
234,467,NoGas
235,467,NoGas
236,467,NoGas
237,465,NoGas
238,461,NoGas
239,461,NoGas
240,461,NoGas
241,460,NoGas
242,459,NoGas
243,459,NoGas
244,459,NoGas
245,458,NoGas
246,458,NoGas
247,458,NoGas
248,456,NoGas
249,456,NoGas
250,455,NoGas
251,454,NoGas
252,453,NoGas
253,453,NoGas
254,452,NoGas
255,451,NoGas
256,450,NoGas
257,449,NoGas
258,448,NoGas
259,448,NoGas
260,447,NoGas
261,447,NoGas
262,446,NoGas
263,445,NoGas
264,445,NoGas
265,444,NoGas
266,444,NoGas
267,443,NoGas
268,443,NoGas
269,442,NoGas
270,442,NoGas
271,441,NoGas
272,441,NoGas
273,441,NoGas
274,440,NoGas
275,440,NoGas
276,440,NoGas
277,452,NoGas
278,466,NoGas
279,474,NoGas
280,480,NoGas
281,483,NoGas
282,488,NoGas
283,486,NoGas
284,483,NoGas
285,480,NoGas
286,481,NoGas
287,484,NoGas
288,483,NoGas
289,482,NoGas
290,480,NoGas
291,476,NoGas
292,480,NoGas
293,474,NoGas
294,479,NoGas
295,472,NoGas
296,469,NoGas
297,472,NoGas
298,467,NoGas
299,473,NoGas
300,471,NoGas
301,463,NoGas
302,461,NoGas
303,462,NoGas
304,465,NoGas
305,463,NoGas
306,462,NoGas
307,463,NoGas
308,462,NoGas
309,462,NoGas
310,462,NoGas
311,459,NoGas
312,459,NoGas
313,457,NoGas
314,460,NoGas
315,459,NoGas
316,459,NoGas
317,457,NoGas
318,455,NoGas
319,455,NoGas
320,455,NoGas
321,448,NoGas
322,454,NoGas
323,456,NoGas
324,448,NoGas
325,452,NoGas
326,454,NoGas
327,446,NoGas
328,448,NoGas
329,451,NoGas
330,447,NoGas
331,451,NoGas
332,451,NoGas
333,453,NoGas
334,453,NoGas
335,451,NoGas
336,444,NoGas
337,452,NoGas
338,448,NoGas
339,457,NoGas
340,450,NoGas
341,446,NoGas
342,450,NoGas
343,445,NoGas
344,477,NoGas
345,484,NoGas
346,477,NoGas
347,473,NoGas
348,471,NoGas
349,480,NoGas
350,479,NoGas
351,474,NoGas
352,466,NoGas
353,462,NoGas
354,467,NoGas
355,469,NoGas
356,479,NoGas
357,469,NoGas
358,467,NoGas
359,467,NoGas
360,469,NoGas
361,464,NoGas
362,467,NoGas
363,466,NoGas
364,467,NoGas
365,465,NoGas
366,466,NoGas
367,466,NoGas
368,465,NoGas
369,465,NoGas
370,465,NoGas
371,455,NoGas
372,465,NoGas
373,450,NoGas
374,457,NoGas
375,455,NoGas
376,455,NoGas
377,454,NoGas
378,452,NoGas
379,451,NoGas
380,450,NoGas
381,447,NoGas
382,456,NoGas
383,449,NoGas
384,455,NoGas
385,455,NoGas
386,451,NoGas
387,453,NoGas
388,452,NoGas
389,452,NoGas
390,452,NoGas
391,452,NoGas
392,452,NoGas
393,452,NoGas
394,456,NoGas
395,450,NoGas
396,451,NoGas
397,451,NoGas
398,452,NoGas
399,452,NoGas
400,448,NoGas
401,447,NoGas
402,448,NoGas
403,446,NoGas
404,446,NoGas
405,440,NoGas
406,444,NoGas
407,442,NoGas
408,443,NoGas
409,444,NoGas
410,435,NoGas
411,445,NoGas
412,455,NoGas
413,459,NoGas
414,474,NoGas
415,486,NoGas
416,482,NoGas
417,480,NoGas
418,469,NoGas
419,474,NoGas
420,469,NoGas
421,468,NoGas
422,470,NoGas
423,464,NoGas
424,468,NoGas
425,458,NoGas
426,466,NoGas
427,466,NoGas
428,464,NoGas
429,455,NoGas
430,458,NoGas
431,456,NoGas
432,453,NoGas
433,452,NoGas
434,450,NoGas
435,457,NoGas
436,451,NoGas
437,451,NoGas
438,451,NoGas
439,448,NoGas
440,451,NoGas
441,453,NoGas
442,449,NoGas
443,445,NoGas
444,446,NoGas
445,446,NoGas
446,448,NoGas
447,441,NoGas
448,444,NoGas
449,446,NoGas
450,446,NoGas
451,452,NoGas
452,446,NoGas
453,441,NoGas
454,439,NoGas
455,440,NoGas
456,439,NoGas
457,439,NoGas
458,443,NoGas
459,442,NoGas
460,442,NoGas
461,445,NoGas
462,445,NoGas
463,445,NoGas
464,445,NoGas
465,443,NoGas
466,443,NoGas
467,442,NoGas
468,442,NoGas
469,440,NoGas
470,440,NoGas
471,443,NoGas
472,440,NoGas
473,440,NoGas
474,435,NoGas
475,444,NoGas
476,461,NoGas
477,460,NoGas
478,497,NoGas
479,487,NoGas
480,492,NoGas
481,496,NoGas
482,491,NoGas
483,492,NoGas
484,485,NoGas
485,483,NoGas
486,476,NoGas
487,475,NoGas
488,475,NoGas
489,469,NoGas
490,472,NoGas
491,466,NoGas
492,468,NoGas
493,455,NoGas
494,466,NoGas
495,460,NoGas
496,467,NoGas
497,458,NoGas
498,455,NoGas
499,459,NoGas
500,458,NoGas
501,454,NoGas
502,462,NoGas
503,458,NoGas
504,459,NoGas
505,458,NoGas
506,459,NoGas
507,458,NoGas
508,450,NoGas
509,454,NoGas
510,454,NoGas
511,451,NoGas
512,449,NoGas
513,448,NoGas
514,455,NoGas
515,454,NoGas
516,453,NoGas
517,448,NoGas
518,447,NoGas
519,445,NoGas
520,451,NoGas
521,452,NoGas
522,445,NoGas
523,445,NoGas
524,443,NoGas
525,448,NoGas
526,448,NoGas
527,445,NoGas
528,449,NoGas
529,441,NoGas
530,441,NoGas
531,442,NoGas
532,445,NoGas
533,447,NoGas
534,441,NoGas
535,441,NoGas
536,441,NoGas
537,441,NoGas
538,444,NoGas
539,434,NoGas
540,437,NoGas
541,435,NoGas
542,442,NoGas
543,437,NoGas
544,440,NoGas
545,435,NoGas
546,441,NoGas
547,450,NoGas
548,459,NoGas
549,466,NoGas
550,472,NoGas
551,483,NoGas
552,492,NoGas
553,526,NoGas
554,523,NoGas
555,519,NoGas
556,515,NoGas
557,511,NoGas
558,508,NoGas
559,504,NoGas
560,501,NoGas
561,499,NoGas
562,496,NoGas
563,494,NoGas
564,491,NoGas
565,488,NoGas
566,486,NoGas
567,485,NoGas
568,483,NoGas
569,482,NoGas
570,480,NoGas
571,478,NoGas
572,478,NoGas
573,476,NoGas
574,476,NoGas
575,474,NoGas
576,474,NoGas
577,472,NoGas
578,471,NoGas
579,470,NoGas
580,469,NoGas
581,468,NoGas
582,467,NoGas
583,466,NoGas
584,467,NoGas
585,465,NoGas
586,464,NoGas
587,464,NoGas
588,463,NoGas
589,462,NoGas
590,462,NoGas
591,461,NoGas
592,460,NoGas
593,460,NoGas
594,459,NoGas
595,458,NoGas
596,458,NoGas
597,457,NoGas
598,457,NoGas
599,456,NoGas
600,456,NoGas
601,457,NoGas
602,456,NoGas
603,454,NoGas
604,454,NoGas
605,454,NoGas
606,453,NoGas
607,453,NoGas
608,453,NoGas
609,452,NoGas
610,452,NoGas
611,451,NoGas
612,451,NoGas
613,450,NoGas
614,450,NoGas
615,451,NoGas
616,449,NoGas
617,448,NoGas
618,448,NoGas
619,443,NoGas
620,457,NoGas
621,470,NoGas
622,477,NoGas
623,483,NoGas
624,481,NoGas
625,479,NoGas
626,477,NoGas
627,476,NoGas
628,474,NoGas
629,473,NoGas
630,471,NoGas
631,470,NoGas
632,468,NoGas
633,467,NoGas
634,466,NoGas
635,465,NoGas
636,463,NoGas
637,463,NoGas
638,461,NoGas
639,461,NoGas
640,460,NoGas
641,459,NoGas
642,459,NoGas
643,458,NoGas
644,457,NoGas
645,456,NoGas
646,456,NoGas
647,455,NoGas
648,455,NoGas
649,454,NoGas
650,454,NoGas
651,453,NoGas
652,452,NoGas
653,452,NoGas
654,452,NoGas
655,451,NoGas
656,450,NoGas
657,450,NoGas
658,449,NoGas
659,449,NoGas
660,448,NoGas
661,448,NoGas
662,448,NoGas
663,447,NoGas
664,448,NoGas
665,446,NoGas
666,446,NoGas
667,446,NoGas
668,445,NoGas
669,445,NoGas
670,444,NoGas
671,444,NoGas
672,443,NoGas
673,443,NoGas
674,443,NoGas
675,442,NoGas
676,442,NoGas
677,442,NoGas
678,441,NoGas
679,441,NoGas
680,441,NoGas
681,440,NoGas
682,440,NoGas
683,440,NoGas
684,440,NoGas
685,432,NoGas
686,439,NoGas
687,446,NoGas
688,453,NoGas
689,459,NoGas
690,463,NoGas
691,470,NoGas
692,475,NoGas
693,478,NoGas
694,480,NoGas
695,479,NoGas
696,478,NoGas
697,476,NoGas
698,482,NoGas
699,486,NoGas
700,487,NoGas
701,489,NoGas
702,499,NoGas
703,494,NoGas
704,492,NoGas
705,490,NoGas
706,488,NoGas
707,486,NoGas
708,485,NoGas
709,484,NoGas
710,482,NoGas
711,480,NoGas
712,478,NoGas
713,475,NoGas
714,473,NoGas
715,471,NoGas
716,469,NoGas
717,468,NoGas
718,466,NoGas
719,465,NoGas
720,463,NoGas
721,461,NoGas
722,459,NoGas
723,458,NoGas
724,456,NoGas
725,453,NoGas
726,451,NoGas
727,456,NoGas
728,448,NoGas
729,452,NoGas
730,454,NoGas
731,452,NoGas
732,453,NoGas
733,461,NoGas
734,460,NoGas
735,459,NoGas
736,461,NoGas
737,461,NoGas
738,459,NoGas
739,447,NoGas
740,452,NoGas
741,452,NoGas
742,451,NoGas
743,451,NoGas
744,448,NoGas
745,444,NoGas
746,438,NoGas
747,436,NoGas
748,446,NoGas
749,445,NoGas
750,444,NoGas
751,450,NoGas
752,449,NoGas
753,446,NoGas
754,455,NoGas
755,463,NoGas
756,467,NoGas
757,471,NoGas
758,475,NoGas
759,478,NoGas
760,484,NoGas
761,488,NoGas
762,492,NoGas
763,495,NoGas
764,498,NoGas
765,510,NoGas
766,508,NoGas
767,506,NoGas
768,505,NoGas
769,503,NoGas
770,502,NoGas
771,500,NoGas
772,499,NoGas
773,497,NoGas
774,496,NoGas
775,493,NoGas
776,492,NoGas
777,490,NoGas
778,489,NoGas
779,486,NoGas
780,486,NoGas
781,484,NoGas
782,483,NoGas
783,481,NoGas
784,480,NoGas
785,479,NoGas
786,478,NoGas
787,477,NoGas
788,476,NoGas
789,475,NoGas
790,474,NoGas
791,474,NoGas
792,473,NoGas
793,472,NoGas
794,471,NoGas
795,470,NoGas
796,469,NoGas
797,469,NoGas
798,468,NoGas
799,468,NoGas
800,468,NoGas
801,467,NoGas
802,466,NoGas
803,466,NoGas
804,465,NoGas
805,465,NoGas
806,464,NoGas
807,464,NoGas
808,463,NoGas
809,463,NoGas
810,463,NoGas
811,462,NoGas
812,462,NoGas
813,461,NoGas
814,461,NoGas
815,460,NoGas
816,460,NoGas
817,460,NoGas
818,459,NoGas
819,461,NoGas
820,468,NoGas
821,473,NoGas
822,478,NoGas
823,480,NoGas
824,481,NoGas
825,487,NoGas
826,488,NoGas
827,489,NoGas
828,492,NoGas
829,499,NoGas
830,500,NoGas
831,500,NoGas
832,500,NoGas
833,499,NoGas
834,506,NoGas
835,510,NoGas
836,508,NoGas
837,505,NoGas
838,503,NoGas
839,502,NoGas
840,500,NoGas
841,498,NoGas
842,496,NoGas
843,495,NoGas
844,494,NoGas
845,492,NoGas
846,491,NoGas
847,490,NoGas
848,488,NoGas
849,487,NoGas
850,486,NoGas
851,485,NoGas
852,483,NoGas
853,486,NoGas
854,481,NoGas
855,482,NoGas
856,479,NoGas
857,478,NoGas
858,478,NoGas
859,477,NoGas
860,476,NoGas
861,476,NoGas
862,475,NoGas
863,475,NoGas
864,474,NoGas
865,473,NoGas
866,475,NoGas
867,472,NoGas
868,471,NoGas
869,471,NoGas
870,470,NoGas
871,470,NoGas
872,469,NoGas
873,469,NoGas
874,468,NoGas
875,468,NoGas
876,467,NoGas
877,467,NoGas
878,467,NoGas
879,467,NoGas
880,467,NoGas
881,466,NoGas
882,466,NoGas
883,465,NoGas
884,465,NoGas
885,464,NoGas
886,464,NoGas
887,463,NoGas
888,463,NoGas
889,463,NoGas
890,459,NoGas
891,465,NoGas
892,473,NoGas
893,478,NoGas
894,483,NoGas
895,486,NoGas
896,491,NoGas
897,495,NoGas
898,496,NoGas
899,497,NoGas
900,496,NoGas
901,495,NoGas
902,499,NoGas
903,502,NoGas
904,506,NoGas
905,509,NoGas
906,509,NoGas
907,510,NoGas
908,508,NoGas
909,509,NoGas
910,512,NoGas
911,514,NoGas
912,515,NoGas
913,514,NoGas
914,514,NoGas
915,514,NoGas
916,509,NoGas
917,507,NoGas
918,505,NoGas
919,503,NoGas
920,502,NoGas
921,500,NoGas
922,498,NoGas
923,497,NoGas
924,494,NoGas
925,492,NoGas
926,491,NoGas
927,489,NoGas
928,487,NoGas
929,486,NoGas
930,485,NoGas
931,483,NoGas
932,482,NoGas
933,481,NoGas
934,480,NoGas
935,480,NoGas
936,479,NoGas
937,478,NoGas
938,477,NoGas
939,476,NoGas
940,476,NoGas
941,475,NoGas
942,474,NoGas
943,474,NoGas
944,473,NoGas
945,472,NoGas
946,472,NoGas
947,471,NoGas
948,471,NoGas
949,470,NoGas
950,469,NoGas
951,469,NoGas
952,468,NoGas
953,468,NoGas
954,467,NoGas
955,467,NoGas
956,466,NoGas
957,466,NoGas
958,466,NoGas
959,465,NoGas
960,465,NoGas
961,464,NoGas
962,464,NoGas
963,464,NoGas
964,464,NoGas
965,463,NoGas
966,463,NoGas
967,462,NoGas
968,463,NoGas
969,462,NoGas
970,465,NoGas
971,470,NoGas
972,477,NoGas
973,485,NoGas
974,492,NoGas
975,496,NoGas
976,500,NoGas
977,502,NoGas
978,503,NoGas
979,505,NoGas
980,505,NoGas
981,505,NoGas
982,503,NoGas
983,502,NoGas
984,502,NoGas
985,501,NoGas
986,509,NoGas
987,511,NoGas
988,507,NoGas
989,502,NoGas
990,500,NoGas
991,498,NoGas
992,497,NoGas
993,498,NoGas
994,500,NoGas
995,502,NoGas
996,503,NoGas
997,501,NoGas
998,500,NoGas
999,498,NoGas
1000,496,NoGas
1001,495,NoGas
1002,493,NoGas
1003,492,NoGas
1004,491,NoGas
1005,490,NoGas
1006,488,NoGas
1007,487,NoGas
1008,485,NoGas
1009,484,NoGas
1010,483,NoGas
1011,482,NoGas
1012,481,NoGas
1013,480,NoGas
1014,479,NoGas
1015,478,NoGas
1016,477,NoGas
1017,476,NoGas
1018,475,NoGas
1019,474,NoGas
1020,473,NoGas
1021,472,NoGas
1022,471,NoGas
1023,471,NoGas
1024,470,NoGas
1025,469,NoGas
1026,469,NoGas
1027,468,NoGas
1028,467,NoGas
1029,467,NoGas
1030,466,NoGas
1031,466,NoGas
1032,465,NoGas
1033,464,NoGas
1034,464,NoGas
1035,463,NoGas
1036,463,NoGas
1037,462,NoGas
1038,462,NoGas
1039,461,NoGas
1040,461,NoGas
1041,460,NoGas
1042,460,NoGas
1043,459,NoGas
1044,459,NoGas
1045,458,NoGas
1046,459,NoGas
1047,458,NoGas
1048,457,NoGas
1049,457,NoGas
1050,447,NoGas
1051,449,NoGas
1052,454,NoGas
1053,459,NoGas
1054,463,NoGas
1055,470,NoGas
1056,477,NoGas
1057,480,NoGas
1058,484,NoGas
1059,486,NoGas
1060,488,NoGas
1061,490,NoGas
1062,492,NoGas
1063,496,NoGas
1064,499,NoGas
1065,496,NoGas
1066,498,NoGas
1067,502,NoGas
1068,507,NoGas
1069,511,NoGas
1070,513,NoGas
1071,513,NoGas
1072,513,NoGas
1073,516,NoGas
1074,506,NoGas
1075,506,NoGas
1076,505,NoGas
1077,503,NoGas
1078,502,NoGas
1079,501,NoGas
1080,499,NoGas
1081,497,NoGas
1082,495,NoGas
1083,494,NoGas
1084,492,NoGas
1085,491,NoGas
1086,489,NoGas
1087,485,NoGas
1088,489,NoGas
1089,485,NoGas
1090,485,NoGas
1091,486,NoGas
1092,482,NoGas
1093,480,NoGas
1094,482,NoGas
1095,474,NoGas
1096,478,NoGas
1097,476,NoGas
1098,474,NoGas
1099,477,NoGas
1100,473,NoGas
1101,475,NoGas
1102,475,NoGas
1103,474,NoGas
1104,474,NoGas
1105,473,NoGas
1106,472,NoGas
1107,472,NoGas
1108,470,NoGas
1109,470,NoGas
1110,469,NoGas
1111,471,NoGas
1112,468,NoGas
1113,467,NoGas
1114,466,NoGas
1115,467,NoGas
1116,467,NoGas
1117,465,NoGas
1118,465,NoGas
1119,465,NoGas
1120,464,NoGas
1121,464,NoGas
1122,463,NoGas
1123,459,NoGas
1124,457,NoGas
1125,455,NoGas
1126,460,NoGas
1127,458,NoGas
1128,452,NoGas
1129,461,NoGas
1130,471,NoGas
1131,481,NoGas
1132,487,NoGas
1133,490,NoGas
1134,493,NoGas
1135,496,NoGas
1136,501,NoGas
1137,503,NoGas
1138,504,NoGas
1139,504,NoGas
1140,505,NoGas
1141,505,NoGas
1142,505,NoGas
1143,504,NoGas
1144,506,NoGas
1145,506,NoGas
1146,505,NoGas
1147,504,NoGas
1148,504,NoGas
1149,503,NoGas
1150,503,NoGas
1151,504,NoGas
1152,511,NoGas
1153,511,NoGas
1154,512,NoGas
1155,512,NoGas
1156,510,NoGas
1157,511,NoGas
1158,509,NoGas
1159,509,NoGas
1160,510,NoGas
1161,512,NoGas
1162,514,NoGas
1163,514,NoGas
1164,513,NoGas
1165,513,NoGas
1166,512,NoGas
1167,512,NoGas
1168,511,NoGas
1169,511,NoGas
1170,510,NoGas
1171,509,NoGas
1172,507,NoGas
1173,506,NoGas
1174,505,NoGas
1175,504,NoGas
1176,502,NoGas
1177,500,NoGas
1178,499,NoGas
1179,497,NoGas
1180,495,NoGas
1181,494,NoGas
1182,492,NoGas
1183,491,NoGas
1184,488,NoGas
1185,487,NoGas
1186,485,NoGas
1187,484,NoGas
1188,483,NoGas
1189,482,NoGas
1190,481,NoGas
1191,480,NoGas
1192,480,NoGas
1193,479,NoGas
1194,479,NoGas
1195,478,NoGas
1196,477,NoGas
1197,477,NoGas
1198,476,NoGas
1199,476,NoGas
1200,475,NoGas
1201,474,NoGas
1202,473,NoGas
1203,472,NoGas
1204,472,NoGas
1205,471,NoGas
1206,470,NoGas
1207,470,NoGas
1208,469,NoGas
1209,470,NoGas
1210,468,NoGas
1211,467,NoGas
1212,467,NoGas
1213,466,NoGas
1214,467,NoGas
1215,465,NoGas
1216,465,NoGas
1217,464,NoGas
1218,464,NoGas
1219,464,NoGas
1220,463,NoGas
1221,463,NoGas
1222,463,NoGas
1223,452,NoGas
1224,452,NoGas
1225,454,NoGas
1226,457,NoGas
1227,460,NoGas
1228,469,NoGas
1229,479,NoGas
1230,487,NoGas
1231,493,NoGas
1232,497,NoGas
1233,500,NoGas
1234,490,NoGas
1235,503,NoGas
1236,504,NoGas
1237,508,NoGas
1238,507,NoGas
1239,496,NoGas
1240,504,NoGas
1241,505,NoGas
1242,502,NoGas
1243,513,NoGas
1244,515,NoGas
1245,519,NoGas
1246,522,NoGas
1247,521,NoGas
1248,520,NoGas
1249,518,NoGas
1250,517,NoGas
1251,515,NoGas
1252,514,NoGas
1253,512,NoGas
1254,510,NoGas
1255,509,NoGas
1256,507,NoGas
1257,505,NoGas
1258,503,NoGas
1259,502,NoGas
1260,501,NoGas
1261,500,NoGas
1262,498,NoGas
1263,496,NoGas
1264,495,NoGas
1265,494,NoGas
1266,493,NoGas
1267,491,NoGas
1268,490,NoGas
1269,489,NoGas
1270,488,NoGas
1271,488,NoGas
1272,486,NoGas
1273,485,NoGas
1274,484,NoGas
1275,484,NoGas
1276,482,NoGas
1277,481,NoGas
1278,478,NoGas
1279,479,NoGas
1280,478,NoGas
1281,477,NoGas
1282,466,NoGas
1283,474,NoGas
1284,473,NoGas
1285,472,NoGas
1286,473,NoGas
1287,472,NoGas
1288,470,NoGas
1289,470,NoGas
1290,470,NoGas
1291,471,NoGas
1292,471,NoGas
1293,472,NoGas
1294,471,NoGas
1295,470,NoGas
1296,469,NoGas
1297,469,NoGas
1298,468,NoGas
1299,467,NoGas
1300,467,NoGas
1301,466,NoGas
1302,465,NoGas
1303,461,NoGas
1304,468,NoGas
1305,477,NoGas
1306,482,NoGas
1307,486,NoGas
1308,488,NoGas
1309,489,NoGas
1310,491,NoGas
1311,491,NoGas
1312,489,NoGas
1313,491,NoGas
1314,495,NoGas
1315,494,NoGas
1316,500,NoGas
1317,505,NoGas
1318,508,NoGas
1319,509,NoGas
1320,509,NoGas
1321,509,NoGas
1322,508,NoGas
1323,506,NoGas
1324,505,NoGas
1325,504,NoGas
1326,509,NoGas
1327,509,NoGas
1328,513,NoGas
1329,508,NoGas
1330,513,NoGas
1331,512,NoGas
1332,514,NoGas
1333,518,NoGas
1334,517,NoGas
1335,516,NoGas
1336,516,NoGas
1337,515,NoGas
1338,513,NoGas
1339,511,NoGas
1340,510,NoGas
1341,509,NoGas
1342,507,NoGas
1343,506,NoGas
1344,505,NoGas
1345,503,NoGas
1346,502,NoGas
1347,500,NoGas
1348,499,NoGas
1349,498,NoGas
1350,496,NoGas
1351,494,NoGas
1352,493,NoGas
1353,491,NoGas
1354,490,NoGas
1355,488,NoGas
1356,487,NoGas
1357,485,NoGas
1358,478,NoGas
1359,477,NoGas
1360,478,NoGas
1361,479,NoGas
1362,474,NoGas
1363,477,NoGas
1364,471,NoGas
1365,478,NoGas
1366,478,NoGas
1367,473,NoGas
1368,474,NoGas
1369,476,NoGas
1370,476,NoGas
1371,475,NoGas
1372,475,NoGas
1373,474,NoGas
1374,473,NoGas
1375,472,NoGas
1376,472,NoGas
1377,471,NoGas
1378,470,NoGas
1379,469,NoGas
1380,469,NoGas
1381,468,NoGas
1382,467,NoGas
1383,466,NoGas
1384,467,NoGas
1385,465,NoGas
1386,465,NoGas
1387,464,NoGas
1388,464,NoGas
1389,464,NoGas
1390,463,NoGas
1391,462,NoGas
1392,463,NoGas
1393,470,NoGas
1394,473,NoGas
1395,475,NoGas
1396,483,NoGas
1397,487,NoGas
1398,488,NoGas
1399,487,NoGas
1400,498,NoGas
1401,498,NoGas
1402,506,NoGas
1403,508,NoGas
1404,510,NoGas
1405,509,NoGas
1406,509,NoGas
1407,511,NoGas
1408,517,NoGas
1409,519,NoGas
1410,519,NoGas
1411,535,NoGas
1412,533,NoGas
1413,531,NoGas
1414,528,NoGas
1415,526,NoGas
1416,522,NoGas
1417,520,NoGas
1418,518,NoGas
1419,516,NoGas
1420,514,NoGas
1421,512,NoGas
1422,509,NoGas
1423,507,NoGas
1424,504,NoGas
1425,514,NoGas
1426,495,NoGas
1427,495,NoGas
1428,499,NoGas
1429,499,NoGas
1430,496,NoGas
1431,496,NoGas
1432,495,NoGas
1433,493,NoGas
1434,495,NoGas
1435,495,NoGas
1436,494,NoGas
1437,494,NoGas
1438,494,NoGas
1439,493,NoGas
1440,492,NoGas
1441,491,NoGas
1442,491,NoGas
1443,490,NoGas
1444,489,NoGas
1445,489,NoGas
1446,489,NoGas
1447,488,NoGas
1448,488,NoGas
1449,487,NoGas
1450,486,NoGas
1451,486,NoGas
1452,485,NoGas
1453,485,NoGas
1454,484,NoGas
1455,484,NoGas
1456,484,NoGas
1457,483,NoGas
1458,483,NoGas
1459,483,NoGas
1460,482,NoGas
1461,482,NoGas
1462,481,NoGas
1463,481,NoGas
1464,482,NoGas
1465,492,NoGas
1466,500,NoGas
1467,505,NoGas
1468,509,NoGas
1469,514,NoGas
1470,517,NoGas
1471,517,NoGas
1472,519,NoGas
1473,522,NoGas
1474,525,NoGas
1475,527,NoGas
1476,529,NoGas
1477,532,NoGas
1478,553,NoGas
1479,537,NoGas
1480,535,NoGas
1481,534,NoGas
1482,532,NoGas
1483,530,NoGas
1484,528,NoGas
1485,526,NoGas
1486,524,NoGas
1487,523,NoGas
1488,521,NoGas
1489,519,NoGas
1490,518,NoGas
1491,516,NoGas
1492,515,NoGas
1493,513,NoGas
1494,512,NoGas
1495,511,NoGas
1496,510,NoGas
1497,509,NoGas
1498,508,NoGas
1499,508,NoGas
1500,507,NoGas
1501,506,NoGas
1502,505,NoGas
1503,505,NoGas
1504,504,NoGas
1505,504,NoGas
1506,505,NoGas
1507,504,NoGas
1508,505,NoGas
1509,505,NoGas
1510,507,NoGas
1511,508,NoGas
1512,510,NoGas
1513,511,NoGas
1514,513,NoGas
1515,513,NoGas
1516,513,NoGas
1517,512,NoGas
1518,512,NoGas
1519,512,NoGas
1520,512,NoGas
1521,512,NoGas
1522,511,NoGas
1523,511,NoGas
1524,511,NoGas
1525,510,NoGas
1526,510,NoGas
1527,510,NoGas
1528,509,NoGas
1529,509,NoGas
1530,508,NoGas
1531,508,NoGas
1532,507,NoGas
1533,504,NoGas
1534,514,NoGas
1535,522,NoGas
1536,529,NoGas
1537,535,NoGas
1538,539,NoGas
1539,542,NoGas
1540,543,NoGas
1541,548,NoGas
1542,551,NoGas
1543,553,NoGas
1544,553,NoGas
1545,554,NoGas
1546,554,NoGas
1547,553,NoGas
1548,551,NoGas
1549,550,NoGas
1550,549,NoGas
1551,553,NoGas
1552,558,NoGas
1553,559,NoGas
1554,561,NoGas
1555,563,NoGas
1556,564,NoGas
1557,565,NoGas
1558,565,NoGas
1559,565,NoGas
1560,571,NoGas
1561,576,NoGas
1562,577,NoGas
1563,579,NoGas
1564,584,NoGas
1565,582,NoGas
1566,581,NoGas
1567,578,NoGas
1568,576,NoGas
1569,574,NoGas
1570,572,NoGas
1571,570,NoGas
1572,568,NoGas
1573,564,NoGas
1574,561,NoGas
1575,559,NoGas
1576,557,NoGas
1577,555,NoGas
1578,553,NoGas
1579,551,NoGas
1580,550,NoGas
1581,547,NoGas
1582,545,NoGas
1583,543,NoGas
1584,542,NoGas
1585,540,NoGas
1586,539,NoGas
1587,538,NoGas
1588,537,NoGas
1589,536,NoGas
1590,535,NoGas
1591,534,NoGas
1592,533,NoGas
1593,532,NoGas
1594,530,NoGas
1595,529,NoGas
1596,529,NoGas
1597,528,NoGas
1598,527,NoGas
1599,527,NoGas
0,389,Perfume
1,428,Perfume
2,463,Perfume
3,490,Perfume
4,502,Perfume
5,517,Perfume
6,528,Perfume
7,533,Perfume
8,535,Perfume
9,536,Perfume
10,529,Perfume
11,535,Perfume
12,534,Perfume
13,536,Perfume
14,531,Perfume
15,527,Perfume
16,530,Perfume
17,526,Perfume
18,528,Perfume
19,519,Perfume
20,526,Perfume
21,514,Perfume
22,522,Perfume
23,513,Perfume
24,505,Perfume
25,503,Perfume
26,498,Perfume
27,496,Perfume
28,500,Perfume
29,494,Perfume
30,490,Perfume
31,494,Perfume
32,489,Perfume
33,485,Perfume
34,482,Perfume
35,487,Perfume
36,476,Perfume
37,475,Perfume
38,470,Perfume
39,480,Perfume
40,472,Perfume
41,469,Perfume
42,463,Perfume
43,463,Perfume
44,468,Perfume
45,469,Perfume
46,459,Perfume
47,473,Perfume
48,461,Perfume
49,460,Perfume
50,470,Perfume
51,459,Perfume
52,457,Perfume
53,462,Perfume
54,464,Perfume
55,461,Perfume
56,462,Perfume
57,458,Perfume
58,457,Perfume
59,458,Perfume
60,463,Perfume
61,457,Perfume
62,455,Perfume
63,452,Perfume
64,454,Perfume
65,449,Perfume
66,448,Perfume
67,453,Perfume
68,441,Perfume
69,435,Perfume
70,438,Perfume
71,439,Perfume
72,434,Perfume
73,438,Perfume
74,431,Perfume
75,433,Perfume
76,436,Perfume
77,434,Perfume
78,432,Perfume
79,427,Perfume
80,435,Perfume
81,429,Perfume
82,434,Perfume
83,439,Perfume
84,426,Perfume
85,434,Perfume
86,440,Perfume
87,433,Perfume
88,424,Perfume
89,425,Perfume
90,425,Perfume
91,429,Perfume
92,431,Perfume
93,435,Perfume
94,427,Perfume
95,431,Perfume
96,433,Perfume
97,453,Perfume
98,476,Perfume
99,477,Perfume
100,495,Perfume
101,502,Perfume
102,499,Perfume
103,502,Perfume
104,512,Perfume
105,501,Perfume
106,503,Perfume
107,502,Perfume
108,510,Perfume
109,517,Perfume
110,525,Perfume
111,513,Perfume
112,516,Perfume
113,525,Perfume
114,532,Perfume
115,519,Perfume
116,526,Perfume
117,521,Perfume
118,520,Perfume
119,526,Perfume
120,509,Perfume
121,517,Perfume
122,513,Perfume
123,517,Perfume
124,500,Perfume
125,492,Perfume
126,495,Perfume
127,495,Perfume
128,491,Perfume
129,486,Perfume
130,487,Perfume
131,481,Perfume
132,479,Perfume
133,477,Perfume
134,479,Perfume
135,479,Perfume
136,472,Perfume
137,483,Perfume
138,427,Perfume
139,430,Perfume
140,429,Perfume
141,429,Perfume
142,428,Perfume
143,427,Perfume
144,427,Perfume
145,426,Perfume
146,427,Perfume
147,427,Perfume
148,424,Perfume
149,433,Perfume
150,428,Perfume
151,428,Perfume
152,428,Perfume
153,427,Perfume
154,428,Perfume
155,427,Perfume
156,427,Perfume
157,427,Perfume
158,426,Perfume
159,425,Perfume
160,426,Perfume
161,427,Perfume
162,429,Perfume
163,444,Perfume
164,461,Perfume
165,472,Perfume
166,479,Perfume
167,486,Perfume
168,492,Perfume
169,499,Perfume
170,501,Perfume
171,503,Perfume
172,502,Perfume
173,502,Perfume
174,502,Perfume
175,511,Perfume
176,513,Perfume
177,512,Perfume
178,511,Perfume
179,512,Perfume
180,520,Perfume
181,529,Perfume
182,534,Perfume
183,536,Perfume
184,531,Perfume
185,526,Perfume
186,521,Perfume
187,518,Perfume
188,515,Perfume
189,512,Perfume
190,510,Perfume
191,506,Perfume
192,502,Perfume
193,499,Perfume
194,495,Perfume
195,492,Perfume
196,488,Perfume
197,485,Perfume
198,482,Perfume
199,480,Perfume
200,478,Perfume
201,443,Perfume
202,442,Perfume
203,442,Perfume
204,442,Perfume
205,441,Perfume
206,441,Perfume
207,440,Perfume
208,440,Perfume
209,439,Perfume
210,439,Perfume
211,439,Perfume
212,439,Perfume
213,438,Perfume
214,438,Perfume
215,438,Perfume
216,437,Perfume
217,437,Perfume
218,436,Perfume
219,436,Perfume
220,436,Perfume
221,435,Perfume
222,434,Perfume
223,434,Perfume
224,434,Perfume
225,433,Perfume
226,433,Perfume
227,433,Perfume
228,432,Perfume
229,432,Perfume
230,440,Perfume
231,493,Perfume
232,506,Perfume
233,515,Perfume
234,519,Perfume
235,521,Perfume
236,524,Perfume
237,530,Perfume
238,531,Perfume
239,532,Perfume
240,532,Perfume
241,531,Perfume
242,529,Perfume
243,532,Perfume
244,534,Perfume
245,531,Perfume
246,530,Perfume
247,529,Perfume
248,528,Perfume
249,526,Perfume
250,525,Perfume
251,525,Perfume
252,523,Perfume
253,520,Perfume
254,517,Perfume
255,514,Perfume
256,509,Perfume
257,506,Perfume
258,503,Perfume
259,499,Perfume
260,495,Perfume
261,493,Perfume
262,490,Perfume
263,487,Perfume
264,483,Perfume
265,482,Perfume
266,480,Perfume
267,479,Perfume
268,478,Perfume
269,478,Perfume
270,478,Perfume
271,477,Perfume
272,476,Perfume
273,475,Perfume
274,473,Perfume
275,473,Perfume
276,472,Perfume
277,472,Perfume
278,471,Perfume
279,470,Perfume
280,470,Perfume
281,468,Perfume
282,468,Perfume
283,468,Perfume
284,466,Perfume
285,441,Perfume
286,441,Perfume
287,440,Perfume
288,440,Perfume
289,439,Perfume
290,439,Perfume
291,439,Perfume
292,439,Perfume
293,438,Perfume
294,438,Perfume
295,438,Perfume
296,438,Perfume
297,437,Perfume
298,437,Perfume
299,437,Perfume
300,437,Perfume
301,436,Perfume
302,436,Perfume
303,435,Perfume
304,435,Perfume
305,435,Perfume
306,434,Perfume
307,434,Perfume
308,433,Perfume
309,433,Perfume
310,433,Perfume
311,432,Perfume
312,431,Perfume
313,442,Perfume
314,454,Perfume
315,477,Perfume
316,479,Perfume
317,482,Perfume
318,489,Perfume
319,491,Perfume
320,491,Perfume
321,489,Perfume
322,490,Perfume
323,493,Perfume
324,498,Perfume
325,507,Perfume
326,512,Perfume
327,514,Perfume
328,516,Perfume
329,518,Perfume
330,519,Perfume
331,517,Perfume
332,514,Perfume
333,509,Perfume
334,506,Perfume
335,502,Perfume
336,499,Perfume
337,496,Perfume
338,492,Perfume
339,488,Perfume
340,487,Perfume
341,485,Perfume
342,483,Perfume
343,481,Perfume
344,479,Perfume
345,476,Perfume
346,474,Perfume
347,464,Perfume
348,463,Perfume
349,462,Perfume
350,462,Perfume
351,461,Perfume
352,461,Perfume
353,439,Perfume
354,439,Perfume
355,439,Perfume
356,439,Perfume
357,438,Perfume
358,438,Perfume
359,437,Perfume
360,437,Perfume
361,437,Perfume
362,436,Perfume
363,436,Perfume
364,436,Perfume
365,437,Perfume
366,436,Perfume
367,435,Perfume
368,436,Perfume
369,435,Perfume
370,434,Perfume
371,435,Perfume
372,433,Perfume
373,433,Perfume
374,432,Perfume
375,433,Perfume
376,433,Perfume
377,433,Perfume
378,431,Perfume
379,427,Perfume
380,429,Perfume
381,436,Perfume
382,492,Perfume
383,496,Perfume
384,495,Perfume
385,494,Perfume
386,493,Perfume
387,488,Perfume
388,486,Perfume
389,489,Perfume
390,494,Perfume
391,502,Perfume
392,511,Perfume
393,520,Perfume
394,520,Perfume
395,516,Perfume
396,505,Perfume
397,508,Perfume
398,510,Perfume
399,508,Perfume
400,504,Perfume
401,502,Perfume
402,496,Perfume
403,493,Perfume
404,505,Perfume
405,499,Perfume
406,492,Perfume
407,442,Perfume
408,446,Perfume
409,443,Perfume
410,442,Perfume
411,456,Perfume
412,446,Perfume
413,448,Perfume
414,437,Perfume
415,444,Perfume
416,442,Perfume
417,443,Perfume
418,442,Perfume
419,441,Perfume
420,449,Perfume
421,439,Perfume
422,451,Perfume
423,450,Perfume
424,441,Perfume
425,442,Perfume
426,437,Perfume
427,431,Perfume
428,435,Perfume
429,439,Perfume
430,435,Perfume
431,442,Perfume
432,438,Perfume
433,441,Perfume
434,451,Perfume
435,460,Perfume
436,472,Perfume
437,481,Perfume
438,478,Perfume
439,486,Perfume
440,488,Perfume
441,493,Perfume
442,497,Perfume
443,505,Perfume
444,503,Perfume
445,511,Perfume
446,513,Perfume
447,519,Perfume
448,525,Perfume
449,526,Perfume
450,526,Perfume
451,525,Perfume
452,526,Perfume
453,522,Perfume
454,539,Perfume
455,518,Perfume
456,514,Perfume
457,500,Perfume
458,503,Perfume
459,497,Perfume
460,493,Perfume
461,484,Perfume
462,489,Perfume
463,443,Perfume
464,437,Perfume
465,441,Perfume
466,440,Perfume
467,441,Perfume
468,442,Perfume
469,442,Perfume
470,439,Perfume
471,435,Perfume
472,432,Perfume
473,440,Perfume
474,442,Perfume
475,438,Perfume
476,432,Perfume
477,440,Perfume
478,441,Perfume
479,441,Perfume
480,445,Perfume
481,440,Perfume
482,439,Perfume
483,440,Perfume
484,424,Perfume
485,436,Perfume
486,435,Perfume
487,434,Perfume
488,434,Perfume
489,431,Perfume
490,442,Perfume
491,480,Perfume
492,490,Perfume
493,497,Perfume
494,489,Perfume
495,484,Perfume
496,479,Perfume
497,477,Perfume
498,482,Perfume
499,484,Perfume
500,490,Perfume
501,491,Perfume
502,498,Perfume
503,500,Perfume
504,502,Perfume
505,501,Perfume
506,501,Perfume
507,502,Perfume
508,511,Perfume
509,500,Perfume
510,494,Perfume
511,496,Perfume
512,496,Perfume
513,493,Perfume
514,490,Perfume
515,438,Perfume
516,440,Perfume
517,436,Perfume
518,439,Perfume
519,443,Perfume
520,436,Perfume
521,442,Perfume
522,435,Perfume
523,441,Perfume
524,435,Perfume
525,435,Perfume
526,433,Perfume
527,431,Perfume
528,428,Perfume
529,433,Perfume
530,434,Perfume
531,431,Perfume
532,433,Perfume
533,433,Perfume
534,432,Perfume
535,435,Perfume
536,432,Perfume
537,424,Perfume
538,428,Perfume
539,420,Perfume
540,427,Perfume
541,426,Perfume
542,427,Perfume
543,464,Perfume
544,468,Perfume
545,474,Perfume
546,476,Perfume
547,482,Perfume
548,490,Perfume
549,493,Perfume
550,498,Perfume
551,499,Perfume
552,501,Perfume
553,503,Perfume
554,510,Perfume
555,509,Perfume
556,504,Perfume
557,501,Perfume
558,503,Perfume
559,498,Perfume
560,502,Perfume
561,501,Perfume
562,503,Perfume
563,432,Perfume
564,439,Perfume
565,433,Perfume
566,436,Perfume
567,439,Perfume
568,436,Perfume
569,431,Perfume
570,437,Perfume
571,437,Perfume
572,438,Perfume
573,439,Perfume
574,440,Perfume
575,440,Perfume
576,438,Perfume
577,438,Perfume
578,438,Perfume
579,437,Perfume
580,437,Perfume
581,437,Perfume
582,437,Perfume
583,436,Perfume
584,436,Perfume
585,435,Perfume
586,435,Perfume
587,435,Perfume
588,435,Perfume
589,434,Perfume
590,434,Perfume
591,500,Perfume
592,502,Perfume
593,502,Perfume
594,501,Perfume
595,506,Perfume
596,512,Perfume
597,517,Perfume
598,521,Perfume
599,523,Perfume
600,525,Perfume
601,526,Perfume
602,527,Perfume
603,529,Perfume
604,530,Perfume
605,531,Perfume
606,532,Perfume
607,532,Perfume
608,531,Perfume
609,530,Perfume
610,448,Perfume
611,447,Perfume
612,447,Perfume
613,446,Perfume
614,446,Perfume
615,446,Perfume
616,446,Perfume
617,446,Perfume
618,446,Perfume
619,445,Perfume
620,445,Perfume
621,445,Perfume
622,445,Perfume
623,444,Perfume
624,444,Perfume
625,444,Perfume
626,444,Perfume
627,443,Perfume
628,443,Perfume
629,443,Perfume
630,442,Perfume
631,442,Perfume
632,442,Perfume
633,441,Perfume
634,441,Perfume
635,441,Perfume
636,440,Perfume
637,485,Perfume
638,486,Perfume
639,488,Perfume
640,493,Perfume
641,497,Perfume
642,499,Perfume
643,499,Perfume
644,500,Perfume
645,498,Perfume
646,498,Perfume
647,502,Perfume
648,504,Perfume
649,504,Perfume
650,503,Perfume
651,500,Perfume
652,499,Perfume
653,497,Perfume
654,497,Perfume
655,496,Perfume
656,497,Perfume
657,496,Perfume
658,493,Perfume
659,491,Perfume
660,489,Perfume
661,486,Perfume
662,483,Perfume
663,439,Perfume
664,439,Perfume
665,439,Perfume
666,438,Perfume
667,438,Perfume
668,438,Perfume
669,444,Perfume
670,443,Perfume
671,443,Perfume
672,443,Perfume
673,437,Perfume
674,436,Perfume
675,436,Perfume
676,436,Perfume
677,435,Perfume
678,435,Perfume
679,434,Perfume
680,434,Perfume
681,434,Perfume
682,434,Perfume
683,433,Perfume
684,433,Perfume
685,433,Perfume
686,432,Perfume
687,432,Perfume
688,432,Perfume
689,431,Perfume
690,431,Perfume
691,488,Perfume
692,488,Perfume
693,489,Perfume
694,489,Perfume
695,487,Perfume
696,487,Perfume
697,486,Perfume
698,499,Perfume
699,502,Perfume
700,501,Perfume
701,500,Perfume
702,501,Perfume
703,502,Perfume
704,503,Perfume
705,504,Perfume
706,504,Perfume
707,504,Perfume
708,503,Perfume
709,503,Perfume
710,503,Perfume
711,501,Perfume
712,499,Perfume
713,496,Perfume
714,450,Perfume
715,441,Perfume
716,442,Perfume
717,442,Perfume
718,443,Perfume
719,442,Perfume
720,442,Perfume
721,443,Perfume
722,445,Perfume
723,445,Perfume
724,445,Perfume
725,445,Perfume
726,445,Perfume
727,445,Perfume
728,445,Perfume
729,445,Perfume
730,444,Perfume
731,444,Perfume
732,444,Perfume
733,444,Perfume
734,444,Perfume
735,443,Perfume
736,443,Perfume
737,443,Perfume
738,442,Perfume
739,442,Perfume
740,442,Perfume
741,441,Perfume
742,501,Perfume
743,504,Perfume
744,505,Perfume
745,507,Perfume
746,507,Perfume
747,506,Perfume
748,505,Perfume
749,506,Perfume
750,506,Perfume
751,507,Perfume
752,507,Perfume
753,513,Perfume
754,516,Perfume
755,517,Perfume
756,517,Perfume
757,517,Perfume
758,517,Perfume
759,518,Perfume
760,518,Perfume
761,520,Perfume
762,519,Perfume
763,519,Perfume
764,519,Perfume
765,519,Perfume
766,517,Perfume
767,515,Perfume
768,514,Perfume
769,513,Perfume
770,459,Perfume
771,459,Perfume
772,458,Perfume
773,458,Perfume
774,458,Perfume
775,457,Perfume
776,457,Perfume
777,457,Perfume
778,456,Perfume
779,456,Perfume
780,456,Perfume
781,455,Perfume
782,455,Perfume
783,455,Perfume
784,454,Perfume
785,454,Perfume
786,454,Perfume
787,454,Perfume
788,453,Perfume
789,453,Perfume
790,453,Perfume
791,453,Perfume
792,452,Perfume
793,452,Perfume
794,451,Perfume
795,451,Perfume
796,452,Perfume
797,512,Perfume
798,512,Perfume
799,512,Perfume
800,512,Perfume
801,512,Perfume
802,515,Perfume
803,516,Perfume
804,514,Perfume
805,512,Perfume
806,512,Perfume
807,516,Perfume
808,517,Perfume
809,520,Perfume
810,524,Perfume
811,527,Perfume
812,528,Perfume
813,527,Perfume
814,526,Perfume
815,523,Perfume
816,519,Perfume
817,515,Perfume
818,512,Perfume
819,511,Perfume
820,462,Perfume
821,462,Perfume
822,461,Perfume
823,461,Perfume
824,460,Perfume
825,460,Perfume
826,459,Perfume
827,459,Perfume
828,459,Perfume
829,458,Perfume
830,458,Perfume
831,458,Perfume
832,457,Perfume
833,458,Perfume
834,457,Perfume
835,456,Perfume
836,456,Perfume
837,455,Perfume
838,456,Perfume
839,455,Perfume
840,454,Perfume
841,454,Perfume
842,454,Perfume
843,454,Perfume
844,453,Perfume
845,453,Perfume
846,516,Perfume
847,519,Perfume
848,522,Perfume
849,523,Perfume
850,524,Perfume
851,524,Perfume
852,523,Perfume
853,523,Perfume
854,523,Perfume
855,521,Perfume
856,519,Perfume
857,517,Perfume
858,515,Perfume
859,513,Perfume
860,510,Perfume
861,461,Perfume
862,461,Perfume
863,460,Perfume
864,460,Perfume
865,460,Perfume
866,459,Perfume
867,459,Perfume
868,458,Perfume
869,458,Perfume
870,458,Perfume
871,458,Perfume
872,457,Perfume
873,457,Perfume
874,456,Perfume
875,456,Perfume
876,456,Perfume
877,455,Perfume
878,455,Perfume
879,455,Perfume
880,455,Perfume
881,454,Perfume
882,454,Perfume
883,453,Perfume
884,455,Perfume
885,457,Perfume
886,460,Perfume
887,510,Perfume
888,506,Perfume
889,508,Perfume
890,510,Perfume
891,511,Perfume
892,512,Perfume
893,511,Perfume
894,510,Perfume
895,508,Perfume
896,505,Perfume
897,502,Perfume
898,456,Perfume
899,455,Perfume
900,455,Perfume
901,455,Perfume
902,454,Perfume
903,454,Perfume
904,454,Perfume
905,453,Perfume
906,453,Perfume
907,453,Perfume
908,453,Perfume
909,454,Perfume
910,453,Perfume
911,453,Perfume
912,453,Perfume
913,453,Perfume
914,452,Perfume
915,452,Perfume
916,451,Perfume
917,451,Perfume
918,451,Perfume
919,450,Perfume
920,450,Perfume
921,449,Perfume
922,449,Perfume
923,448,Perfume
924,448,Perfume
925,522,Perfume
926,523,Perfume
927,524,Perfume
928,524,Perfume
929,524,Perfume
930,523,Perfume
931,523,Perfume
932,520,Perfume
933,515,Perfume
934,514,Perfume
935,512,Perfume
936,510,Perfume
937,509,Perfume
938,457,Perfume
939,452,Perfume
940,455,Perfume
941,455,Perfume
942,455,Perfume
943,453,Perfume
944,455,Perfume
945,447,Perfume
946,454,Perfume
947,450,Perfume
948,451,Perfume
949,447,Perfume
950,451,Perfume
951,454,Perfume
952,453,Perfume
953,453,Perfume
954,452,Perfume
955,448,Perfume
956,449,Perfume
957,451,Perfume
958,452,Perfume
959,453,Perfume
960,452,Perfume
961,453,Perfume
962,452,Perfume
963,453,Perfume
964,453,Perfume
965,462,Perfume
966,463,Perfume
967,461,Perfume
968,461,Perfume
969,460,Perfume
970,460,Perfume
971,460,Perfume
972,459,Perfume
973,459,Perfume
974,458,Perfume
975,458,Perfume
976,457,Perfume
977,457,Perfume
978,457,Perfume
979,456,Perfume
980,456,Perfume
981,456,Perfume
982,455,Perfume
983,455,Perfume
984,454,Perfume
985,454,Perfume
986,453,Perfume
987,453,Perfume
988,453,Perfume
989,452,Perfume
990,452,Perfume
991,523,Perfume
992,527,Perfume
993,528,Perfume
994,527,Perfume
995,525,Perfume
996,528,Perfume
997,530,Perfume
998,530,Perfume
999,530,Perfume
1000,529,Perfume
1001,528,Perfume
1002,525,Perfume
1003,523,Perfume
1004,465,Perfume
1005,464,Perfume
1006,463,Perfume
1007,464,Perfume
1008,463,Perfume
1009,463,Perfume
1010,463,Perfume
1011,463,Perfume
1012,462,Perfume
1013,462,Perfume
1014,462,Perfume
1015,461,Perfume
1016,460,Perfume
1017,460,Perfume
1018,459,Perfume
1019,461,Perfume
1020,462,Perfume
1021,462,Perfume
1022,462,Perfume
1023,461,Perfume
1024,461,Perfume
1025,460,Perfume
1026,458,Perfume
1027,455,Perfume
1028,448,Perfume
1029,456,Perfume
1030,459,Perfume
1031,518,Perfume
1032,521,Perfume
1033,520,Perfume
1034,519,Perfume
1035,518,Perfume
1036,462,Perfume
1037,462,Perfume
1038,461,Perfume
1039,461,Perfume
1040,461,Perfume
1041,461,Perfume
1042,460,Perfume
1043,460,Perfume
1044,459,Perfume
1045,460,Perfume
1046,458,Perfume
1047,458,Perfume
1048,457,Perfume
1049,457,Perfume
1050,456,Perfume
1051,456,Perfume
1052,455,Perfume
1053,455,Perfume
1054,455,Perfume
1055,454,Perfume
1056,453,Perfume
1057,453,Perfume
1058,452,Perfume
1059,451,Perfume
1060,450,Perfume
1061,446,Perfume
1062,453,Perfume
1063,527,Perfume
1064,531,Perfume
1065,533,Perfume
1066,533,Perfume
1067,532,Perfume
1068,530,Perfume
1069,529,Perfume
1070,530,Perfume
1071,531,Perfume
1072,534,Perfume
1073,538,Perfume
1074,541,Perfume
1075,543,Perfume
1076,545,Perfume
1077,544,Perfume
1078,542,Perfume
1079,540,Perfume
1080,539,Perfume
1081,537,Perfume
1082,480,Perfume
1083,480,Perfume
1084,480,Perfume
1085,479,Perfume
1086,479,Perfume
1087,479,Perfume
1088,478,Perfume
1089,478,Perfume
1090,478,Perfume
1091,477,Perfume
1092,478,Perfume
1093,476,Perfume
1094,476,Perfume
1095,476,Perfume
1096,475,Perfume
1097,475,Perfume
1098,474,Perfume
1099,474,Perfume
1100,474,Perfume
1101,473,Perfume
1102,473,Perfume
1103,472,Perfume
1104,472,Perfume
1105,472,Perfume
1106,471,Perfume
1107,471,Perfume
1108,472,Perfume
1109,533,Perfume
1110,535,Perfume
1111,542,Perfume
1112,549,Perfume
1113,553,Perfume
1114,556,Perfume
1115,556,Perfume
1116,557,Perfume
1117,557,Perfume
1118,558,Perfume
1119,558,Perfume
1120,557,Perfume
1121,557,Perfume
1122,556,Perfume
1123,557,Perfume
1124,558,Perfume
1125,557,Perfume
1126,556,Perfume
1127,555,Perfume
1128,555,Perfume
1129,551,Perfume
1130,549,Perfume
1131,549,Perfume
1132,545,Perfume
1133,542,Perfume
1134,539,Perfume
1135,507,Perfume
1136,506,Perfume
1137,506,Perfume
1138,506,Perfume
1139,506,Perfume
1140,504,Perfume
1141,504,Perfume
1142,504,Perfume
1143,503,Perfume
1144,503,Perfume
1145,502,Perfume
1146,502,Perfume
1147,501,Perfume
1148,501,Perfume
1149,500,Perfume
1150,500,Perfume
1151,499,Perfume
1152,499,Perfume
1153,498,Perfume
1154,498,Perfume
1155,498,Perfume
1156,497,Perfume
1157,497,Perfume
1158,496,Perfume
1159,496,Perfume
1160,496,Perfume
1161,580,Perfume
1162,581,Perfume
1163,582,Perfume
1164,583,Perfume
1165,584,Perfume
1166,585,Perfume
1167,586,Perfume
1168,586,Perfume
1169,586,Perfume
1170,586,Perfume
1171,585,Perfume
1172,586,Perfume
1173,587,Perfume
1174,589,Perfume
1175,589,Perfume
1176,587,Perfume
1177,588,Perfume
1178,588,Perfume
1179,587,Perfume
1180,585,Perfume
1181,486,Perfume
1182,485,Perfume
1183,485,Perfume
1184,485,Perfume
1185,484,Perfume
1186,484,Perfume
1187,484,Perfume
1188,483,Perfume
1189,483,Perfume
1190,483,Perfume
1191,482,Perfume
1192,482,Perfume
1193,481,Perfume
1194,481,Perfume
1195,480,Perfume
1196,480,Perfume
1197,480,Perfume
1198,479,Perfume
1199,479,Perfume
1200,479,Perfume
1201,478,Perfume
1202,481,Perfume
1203,491,Perfume
1204,501,Perfume
1205,509,Perfume
1206,515,Perfume
1207,519,Perfume
1208,571,Perfume
1209,570,Perfume
1210,569,Perfume
1211,569,Perfume
1212,569,Perfume
1213,568,Perfume
1214,567,Perfume
1215,564,Perfume
1216,563,Perfume
1217,561,Perfume
1218,558,Perfume
1219,556,Perfume
1220,555,Perfume
1221,553,Perfume
1222,552,Perfume
1223,485,Perfume
1224,484,Perfume
1225,483,Perfume
1226,483,Perfume
1227,483,Perfume
1228,483,Perfume
1229,482,Perfume
1230,481,Perfume
1231,481,Perfume
1232,481,Perfume
1233,480,Perfume
1234,480,Perfume
1235,479,Perfume
1236,479,Perfume
1237,478,Perfume
1238,478,Perfume
1239,478,Perfume
1240,478,Perfume
1241,477,Perfume
1242,476,Perfume
1243,476,Perfume
1244,476,Perfume
1245,475,Perfume
1246,475,Perfume
1247,474,Perfume
1248,474,Perfume
1249,473,Perfume
1250,473,Perfume
1251,480,Perfume
1252,479,Perfume
1253,479,Perfume
1254,479,Perfume
1255,478,Perfume
1256,478,Perfume
1257,477,Perfume
1258,477,Perfume
1259,477,Perfume
1260,477,Perfume
1261,476,Perfume
1262,475,Perfume
1263,475,Perfume
1264,475,Perfume
1265,474,Perfume
1266,474,Perfume
1267,473,Perfume
1268,473,Perfume
1269,473,Perfume
1270,472,Perfume
1271,472,Perfume
1272,472,Perfume
1273,471,Perfume
1274,471,Perfume
1275,471,Perfume
1276,472,Perfume
1277,475,Perfume
1278,480,Perfume
1279,485,Perfume
1280,490,Perfume
1281,494,Perfume
1282,499,Perfume
1283,503,Perfume
1284,507,Perfume
1285,508,Perfume
1286,510,Perfume
1287,560,Perfume
1288,559,Perfume
1289,561,Perfume
1290,566,Perfume
1291,570,Perfume
1292,571,Perfume
1293,572,Perfume
1294,572,Perfume
1295,571,Perfume
1296,571,Perfume
1297,571,Perfume
1298,570,Perfume
1299,569,Perfume
1300,567,Perfume
1301,566,Perfume
1302,565,Perfume
1303,563,Perfume
1304,562,Perfume
1305,561,Perfume
1306,481,Perfume
1307,480,Perfume
1308,480,Perfume
1309,479,Perfume
1310,479,Perfume
1311,479,Perfume
1312,478,Perfume
1313,478,Perfume
1314,478,Perfume
1315,477,Perfume
1316,477,Perfume
1317,476,Perfume
1318,476,Perfume
1319,475,Perfume
1320,475,Perfume
1321,475,Perfume
1322,475,Perfume
1323,474,Perfume
1324,474,Perfume
1325,473,Perfume
1326,473,Perfume
1327,472,Perfume
1328,472,Perfume
1329,471,Perfume
1330,471,Perfume
1331,471,Perfume
1332,470,Perfume
1333,470,Perfume
1334,483,Perfume
1335,577,Perfume
1336,577,Perfume
1337,577,Perfume
1338,575,Perfume
1339,574,Perfume
1340,573,Perfume
1341,572,Perfume
1342,570,Perfume
1343,568,Perfume
1344,566,Perfume
1345,566,Perfume
1346,565,Perfume
1347,562,Perfume
1348,561,Perfume
1349,484,Perfume
1350,484,Perfume
1351,484,Perfume
1352,483,Perfume
1353,483,Perfume
1354,482,Perfume
1355,482,Perfume
1356,482,Perfume
1357,481,Perfume
1358,481,Perfume
1359,480,Perfume
1360,480,Perfume
1361,479,Perfume
1362,479,Perfume
1363,479,Perfume
1364,478,Perfume
1365,478,Perfume
1366,477,Perfume
1367,477,Perfume
1368,477,Perfume
1369,476,Perfume
1370,476,Perfume
1371,475,Perfume
1372,475,Perfume
1373,475,Perfume
1374,474,Perfume
1375,475,Perfume
1376,479,Perfume
1377,483,Perfume
1378,487,Perfume
1379,579,Perfume
1380,582,Perfume
1381,583,Perfume
1382,584,Perfume
1383,584,Perfume
1384,583,Perfume
1385,582,Perfume
1386,581,Perfume
1387,580,Perfume
1388,580,Perfume
1389,579,Perfume
1390,578,Perfume
1391,578,Perfume
1392,576,Perfume
1393,574,Perfume
1394,572,Perfume
1395,570,Perfume
1396,499,Perfume
1397,501,Perfume
1398,503,Perfume
1399,502,Perfume
1400,502,Perfume
1401,502,Perfume
1402,511,Perfume
1403,513,Perfume
1404,512,Perfume
1405,511,Perfume
1406,512,Perfume
1407,520,Perfume
1408,529,Perfume
1409,534,Perfume
1410,536,Perfume
1411,531,Perfume
1412,526,Perfume
1413,521,Perfume
1414,518,Perfume
1415,515,Perfume
1416,512,Perfume
1417,510,Perfume
1418,506,Perfume
1419,502,Perfume
1420,499,Perfume
1421,495,Perfume
1422,492,Perfume
1423,488,Perfume
1424,485,Perfume
1425,482,Perfume
1426,480,Perfume
1427,478,Perfume
1428,443,Perfume
1429,442,Perfume
1430,442,Perfume
1431,442,Perfume
1432,441,Perfume
1433,441,Perfume
1434,440,Perfume
1435,440,Perfume
1436,439,Perfume
1437,439,Perfume
1438,439,Perfume
1439,439,Perfume
1440,438,Perfume
1441,438,Perfume
1442,438,Perfume
1443,437,Perfume
1444,437,Perfume
1445,436,Perfume
1446,436,Perfume
1447,436,Perfume
1448,435,Perfume
1449,434,Perfume
1450,434,Perfume
1451,434,Perfume
1452,433,Perfume
1453,433,Perfume
1454,433,Perfume
1455,432,Perfume
1456,432,Perfume
1457,440,Perfume
1458,493,Perfume
1459,506,Perfume
1460,515,Perfume
1461,519,Perfume
1462,521,Perfume
1463,524,Perfume
1464,530,Perfume
1465,531,Perfume
1466,532,Perfume
1467,532,Perfume
1468,531,Perfume
1469,529,Perfume
1470,532,Perfume
1471,534,Perfume
1472,531,Perfume
1473,530,Perfume
1474,529,Perfume
1475,528,Perfume
1476,526,Perfume
1477,525,Perfume
1478,525,Perfume
1479,523,Perfume
1480,520,Perfume
1481,517,Perfume
1482,514,Perfume
1483,509,Perfume
1484,506,Perfume
1485,503,Perfume
1486,499,Perfume
1487,495,Perfume
1488,493,Perfume
1489,490,Perfume
1490,487,Perfume
1491,483,Perfume
1492,482,Perfume
1493,480,Perfume
1494,479,Perfume
1495,478,Perfume
1496,478,Perfume
1497,478,Perfume
1498,477,Perfume
1499,476,Perfume
1500,475,Perfume
1501,473,Perfume
1502,473,Perfume
1503,472,Perfume
1504,472,Perfume
1505,471,Perfume
1506,470,Perfume
1507,470,Perfume
1508,468,Perfume
1509,468,Perfume
1510,468,Perfume
1511,466,Perfume
1512,441,Perfume
1513,441,Perfume
1514,440,Perfume
1515,440,Perfume
1516,439,Perfume
1517,439,Perfume
1518,439,Perfume
1519,439,Perfume
1520,438,Perfume
1521,438,Perfume
1522,438,Perfume
1523,438,Perfume
1524,437,Perfume
1525,437,Perfume
1526,437,Perfume
1527,437,Perfume
1528,436,Perfume
1529,436,Perfume
1530,435,Perfume
1531,435,Perfume
1532,435,Perfume
1533,434,Perfume
1534,434,Perfume
1535,433,Perfume
1536,433,Perfume
1537,433,Perfume
1538,432,Perfume
1539,431,Perfume
1540,442,Perfume
1541,454,Perfume
1542,477,Perfume
1543,479,Perfume
1544,482,Perfume
1545,489,Perfume
1546,491,Perfume
1547,491,Perfume
1548,489,Perfume
1549,490,Perfume
1550,493,Perfume
1551,498,Perfume
1552,507,Perfume
1553,512,Perfume
1554,514,Perfume
1555,516,Perfume
1556,518,Perfume
1557,519,Perfume
1558,517,Perfume
1559,514,Perfume
1560,509,Perfume
1561,506,Perfume
1562,502,Perfume
1563,499,Perfume
1564,496,Perfume
1565,492,Perfume
1566,488,Perfume
1567,487,Perfume
1568,485,Perfume
1569,483,Perfume
1570,481,Perfume
1571,479,Perfume
1572,476,Perfume
1573,474,Perfume
1574,464,Perfume
1575,463,Perfume
1576,462,Perfume
1577,462,Perfume
1578,461,Perfume
1579,461,Perfume
1580,439,Perfume
1581,439,Perfume
1582,439,Perfume
1583,439,Perfume
1584,438,Perfume
1585,438,Perfume
1586,437,Perfume
1587,437,Perfume
1588,437,Perfume
1589,436,Perfume
1590,436,Perfume
1591,436,Perfume
1592,437,Perfume
1593,436,Perfume
1594,435,Perfume
1595,436,Perfume
1596,450,Perfume
1597,441,Perfume
1598,442,Perfume
1599,442,Perfume
0,332,Smoke
1,342,Smoke
2,340,Smoke
3,332,Smoke
4,326,Smoke
5,321,Smoke
6,319,Smoke
7,318,Smoke
8,317,Smoke
9,315,Smoke
10,314,Smoke
11,313,Smoke
12,312,Smoke
13,310,Smoke
14,310,Smoke
15,309,Smoke
16,308,Smoke
17,307,Smoke
18,307,Smoke
19,306,Smoke
20,305,Smoke
21,305,Smoke
22,304,Smoke
23,304,Smoke
24,304,Smoke
25,303,Smoke
26,303,Smoke
27,303,Smoke
28,302,Smoke
29,301,Smoke
30,302,Smoke
31,301,Smoke
32,301,Smoke
33,301,Smoke
34,301,Smoke
35,300,Smoke
36,300,Smoke
37,300,Smoke
38,299,Smoke
39,299,Smoke
40,299,Smoke
41,299,Smoke
42,298,Smoke
43,292,Smoke
44,292,Smoke
45,292,Smoke
46,292,Smoke
47,292,Smoke
48,293,Smoke
49,295,Smoke
50,294,Smoke
51,295,Smoke
52,293,Smoke
53,293,Smoke
54,293,Smoke
55,294,Smoke
56,295,Smoke
57,296,Smoke
58,296,Smoke
59,297,Smoke
60,296,Smoke
61,297,Smoke
62,296,Smoke
63,296,Smoke
64,295,Smoke
65,295,Smoke
66,294,Smoke
67,294,Smoke
68,295,Smoke
69,294,Smoke
70,295,Smoke
71,295,Smoke
72,295,Smoke
73,295,Smoke
74,295,Smoke
75,295,Smoke
76,302,Smoke
77,290,Smoke
78,291,Smoke
79,292,Smoke
80,294,Smoke
81,296,Smoke
82,296,Smoke
83,296,Smoke
84,295,Smoke
85,297,Smoke
86,296,Smoke
87,296,Smoke
88,296,Smoke
89,295,Smoke
90,295,Smoke
91,294,Smoke
92,294,Smoke
93,294,Smoke
94,293,Smoke
95,295,Smoke
96,295,Smoke
97,295,Smoke
98,294,Smoke
99,295,Smoke
100,295,Smoke
101,296,Smoke
102,296,Smoke
103,296,Smoke
104,296,Smoke
105,297,Smoke
106,297,Smoke
107,298,Smoke
108,298,Smoke
109,298,Smoke
110,297,Smoke
111,298,Smoke
112,299,Smoke
113,298,Smoke
114,298,Smoke
115,298,Smoke
116,299,Smoke
117,298,Smoke
118,298,Smoke
119,298,Smoke
120,298,Smoke
121,298,Smoke
122,299,Smoke
123,299,Smoke
124,299,Smoke
125,299,Smoke
126,300,Smoke
127,299,Smoke
128,300,Smoke
129,300,Smoke
130,300,Smoke
131,300,Smoke
132,300,Smoke
133,300,Smoke
134,300,Smoke
135,299,Smoke
136,300,Smoke
137,300,Smoke
138,301,Smoke
139,301,Smoke
140,300,Smoke
141,301,Smoke
142,301,Smoke
143,302,Smoke
144,302,Smoke
145,302,Smoke
146,302,Smoke
147,302,Smoke
148,302,Smoke
149,302,Smoke
150,302,Smoke
151,302,Smoke
152,303,Smoke
153,303,Smoke
154,304,Smoke
155,305,Smoke
156,306,Smoke
157,307,Smoke
158,304,Smoke
159,303,Smoke
160,304,Smoke
161,306,Smoke
162,308,Smoke
163,306,Smoke
164,308,Smoke
165,304,Smoke
166,307,Smoke
167,308,Smoke
168,306,Smoke
169,312,Smoke
170,309,Smoke
171,287,Smoke
172,287,Smoke
173,286,Smoke
174,286,Smoke
175,286,Smoke
176,284,Smoke
177,284,Smoke
178,283,Smoke
179,284,Smoke
180,283,Smoke
181,284,Smoke
182,284,Smoke
183,284,Smoke
184,284,Smoke
185,284,Smoke
186,286,Smoke
187,286,Smoke
188,287,Smoke
189,284,Smoke
190,284,Smoke
191,285,Smoke
192,284,Smoke
193,284,Smoke
194,284,Smoke
195,284,Smoke
196,285,Smoke
197,285,Smoke
198,285,Smoke
199,286,Smoke
200,286,Smoke
201,286,Smoke
202,289,Smoke
203,294,Smoke
204,295,Smoke
205,294,Smoke
206,294,Smoke
207,294,Smoke
208,295,Smoke
209,295,Smoke
210,290,Smoke
211,289,Smoke
212,288,Smoke
213,288,Smoke
214,287,Smoke
215,287,Smoke
216,287,Smoke
217,286,Smoke
218,286,Smoke
219,287,Smoke
220,286,Smoke
221,285,Smoke
222,285,Smoke
223,285,Smoke
224,284,Smoke
225,284,Smoke
226,284,Smoke
227,283,Smoke
228,282,Smoke
229,283,Smoke
230,279,Smoke
231,279,Smoke
232,279,Smoke
233,279,Smoke
234,279,Smoke
235,279,Smoke
236,279,Smoke
237,278,Smoke
238,279,Smoke
239,279,Smoke
240,278,Smoke
241,279,Smoke
242,279,Smoke
243,279,Smoke
244,282,Smoke
245,282,Smoke
246,282,Smoke
247,283,Smoke
248,283,Smoke
249,283,Smoke
250,283,Smoke
251,284,Smoke
252,284,Smoke
253,284,Smoke
254,284,Smoke
255,284,Smoke
256,284,Smoke
257,284,Smoke
258,284,Smoke
259,284,Smoke
260,285,Smoke
261,285,Smoke
262,284,Smoke
263,285,Smoke
264,284,Smoke
265,284,Smoke
266,284,Smoke
267,284,Smoke
268,284,Smoke
269,284,Smoke
270,284,Smoke
271,284,Smoke
272,283,Smoke
273,283,Smoke
274,283,Smoke
275,283,Smoke
276,283,Smoke
277,283,Smoke
278,283,Smoke
279,283,Smoke
280,283,Smoke
281,282,Smoke
282,282,Smoke
283,282,Smoke
284,283,Smoke
285,282,Smoke
286,282,Smoke
287,282,Smoke
288,282,Smoke
289,283,Smoke
290,282,Smoke
291,282,Smoke
292,282,Smoke
293,282,Smoke
294,282,Smoke
295,282,Smoke
296,282,Smoke
297,283,Smoke
298,282,Smoke
299,282,Smoke
300,282,Smoke
301,281,Smoke
302,281,Smoke
303,281,Smoke
304,281,Smoke
305,281,Smoke
306,280,Smoke
307,280,Smoke
308,280,Smoke
309,280,Smoke
310,280,Smoke
311,280,Smoke
312,281,Smoke
313,280,Smoke
314,280,Smoke
315,280,Smoke
316,280,Smoke
317,279,Smoke
318,280,Smoke
319,280,Smoke
320,281,Smoke
321,280,Smoke
322,279,Smoke
323,279,Smoke
324,280,Smoke
325,280,Smoke
326,279,Smoke
327,280,Smoke
328,279,Smoke
329,279,Smoke
330,280,Smoke
331,279,Smoke
332,279,Smoke
333,278,Smoke
334,279,Smoke
335,279,Smoke
336,280,Smoke
337,280,Smoke
338,280,Smoke
339,280,Smoke
340,279,Smoke
341,280,Smoke
342,280,Smoke
343,286,Smoke
344,289,Smoke
345,289,Smoke
346,288,Smoke
347,288,Smoke
348,290,Smoke
349,289,Smoke
350,288,Smoke
351,286,Smoke
352,282,Smoke
353,288,Smoke
354,287,Smoke
355,287,Smoke
356,286,Smoke
357,286,Smoke
358,285,Smoke
359,283,Smoke
360,282,Smoke
361,285,Smoke
362,285,Smoke
363,285,Smoke
364,285,Smoke
365,285,Smoke
366,285,Smoke
367,284,Smoke
368,285,Smoke
369,284,Smoke
370,284,Smoke
371,284,Smoke
372,284,Smoke
373,284,Smoke
374,283,Smoke
375,283,Smoke
376,280,Smoke
377,283,Smoke
378,281,Smoke
379,282,Smoke
380,280,Smoke
381,280,Smoke
382,275,Smoke
383,279,Smoke
384,276,Smoke
385,278,Smoke
386,280,Smoke
387,280,Smoke
388,281,Smoke
389,281,Smoke
390,275,Smoke
391,277,Smoke
392,277,Smoke
393,279,Smoke
394,278,Smoke
395,278,Smoke
396,280,Smoke
397,279,Smoke
398,277,Smoke
399,280,Smoke
400,275,Smoke
401,278,Smoke
402,279,Smoke
403,280,Smoke
404,280,Smoke
405,276,Smoke
406,279,Smoke
407,280,Smoke
408,280,Smoke
409,280,Smoke
410,280,Smoke
411,280,Smoke
412,280,Smoke
413,279,Smoke
414,278,Smoke
415,277,Smoke
416,277,Smoke
417,277,Smoke
418,278,Smoke
419,278,Smoke
420,278,Smoke
421,277,Smoke
422,277,Smoke
423,279,Smoke
424,280,Smoke
425,280,Smoke
426,279,Smoke
427,279,Smoke
428,279,Smoke
429,279,Smoke
430,279,Smoke
431,279,Smoke
432,279,Smoke
433,279,Smoke
434,279,Smoke
435,279,Smoke
436,280,Smoke
437,280,Smoke
438,279,Smoke
439,280,Smoke
440,280,Smoke
441,280,Smoke
442,281,Smoke
443,281,Smoke
444,281,Smoke
445,281,Smoke
446,282,Smoke
447,282,Smoke
448,281,Smoke
449,282,Smoke
450,282,Smoke
451,282,Smoke
452,282,Smoke
453,282,Smoke
454,282,Smoke
455,281,Smoke
456,284,Smoke
457,289,Smoke
458,289,Smoke
459,288,Smoke
460,288,Smoke
461,287,Smoke
462,287,Smoke
463,287,Smoke
464,287,Smoke
465,286,Smoke
466,286,Smoke
467,286,Smoke
468,286,Smoke
469,286,Smoke
470,285,Smoke
471,285,Smoke
472,285,Smoke
473,285,Smoke
474,285,Smoke
475,285,Smoke
476,285,Smoke
477,284,Smoke
478,284,Smoke
479,284,Smoke
480,285,Smoke
481,284,Smoke
482,284,Smoke
483,284,Smoke
484,284,Smoke
485,284,Smoke
486,284,Smoke
487,283,Smoke
488,283,Smoke
489,283,Smoke
490,283,Smoke
491,283,Smoke
492,283,Smoke
493,282,Smoke
494,283,Smoke
495,282,Smoke
496,282,Smoke
497,282,Smoke
498,283,Smoke
499,282,Smoke
500,282,Smoke
501,282,Smoke
502,282,Smoke
503,282,Smoke
504,281,Smoke
505,279,Smoke
506,279,Smoke
507,279,Smoke
508,279,Smoke
509,280,Smoke
510,278,Smoke
511,278,Smoke
512,278,Smoke
513,278,Smoke
514,277,Smoke
515,278,Smoke
516,278,Smoke
517,278,Smoke
518,279,Smoke
519,279,Smoke
520,279,Smoke
521,280,Smoke
522,280,Smoke
523,280,Smoke
524,279,Smoke
525,280,Smoke
526,280,Smoke
527,281,Smoke
528,281,Smoke
529,280,Smoke
530,281,Smoke
531,281,Smoke
532,281,Smoke
533,287,Smoke
534,306,Smoke
535,310,Smoke
536,309,Smoke
537,306,Smoke
538,305,Smoke
539,303,Smoke
540,302,Smoke
541,301,Smoke
542,300,Smoke
543,300,Smoke
544,299,Smoke
545,298,Smoke
546,297,Smoke
547,297,Smoke
548,297,Smoke
549,296,Smoke
550,296,Smoke
551,295,Smoke
552,295,Smoke
553,295,Smoke
554,294,Smoke
555,294,Smoke
556,293,Smoke
557,293,Smoke
558,293,Smoke
559,293,Smoke
560,292,Smoke
561,292,Smoke
562,292,Smoke
563,291,Smoke
564,291,Smoke
565,291,Smoke
566,291,Smoke
567,291,Smoke
568,290,Smoke
569,290,Smoke
570,290,Smoke
571,290,Smoke
572,289,Smoke
573,289,Smoke
574,289,Smoke
575,289,Smoke
576,289,Smoke
577,289,Smoke
578,289,Smoke
579,288,Smoke
580,288,Smoke
581,289,Smoke
582,288,Smoke
583,288,Smoke
584,284,Smoke
585,284,Smoke
586,284,Smoke
587,284,Smoke
588,284,Smoke
589,284,Smoke
590,284,Smoke
591,283,Smoke
592,285,Smoke
593,284,Smoke
594,284,Smoke
595,283,Smoke
596,284,Smoke
597,283,Smoke
598,283,Smoke
599,283,Smoke
600,283,Smoke
601,283,Smoke
602,283,Smoke
603,283,Smoke
604,282,Smoke
605,283,Smoke
606,283,Smoke
607,283,Smoke
608,283,Smoke
609,282,Smoke
610,282,Smoke
611,281,Smoke
612,282,Smoke
613,283,Smoke
614,283,Smoke
615,281,Smoke
616,281,Smoke
617,282,Smoke
618,282,Smoke
619,281,Smoke
620,281,Smoke
621,281,Smoke
622,278,Smoke
623,286,Smoke
624,289,Smoke
625,287,Smoke
626,286,Smoke
627,285,Smoke
628,284,Smoke
629,287,Smoke
630,285,Smoke
631,284,Smoke
632,285,Smoke
633,284,Smoke
634,283,Smoke
635,284,Smoke
636,285,Smoke
637,284,Smoke
638,284,Smoke
639,284,Smoke
640,284,Smoke
641,284,Smoke
642,283,Smoke
643,284,Smoke
644,283,Smoke
645,283,Smoke
646,284,Smoke
647,283,Smoke
648,283,Smoke
649,283,Smoke
650,282,Smoke
651,282,Smoke
652,283,Smoke
653,282,Smoke
654,284,Smoke
655,284,Smoke
656,284,Smoke
657,284,Smoke
658,283,Smoke
659,284,Smoke
660,283,Smoke
661,284,Smoke
662,283,Smoke
663,283,Smoke
664,283,Smoke
665,283,Smoke
666,282,Smoke
667,281,Smoke
668,281,Smoke
669,280,Smoke
670,280,Smoke
671,280,Smoke
672,279,Smoke
673,281,Smoke
674,280,Smoke
675,280,Smoke
676,280,Smoke
677,280,Smoke
678,280,Smoke
679,281,Smoke
680,281,Smoke
681,281,Smoke
682,280,Smoke
683,281,Smoke
684,281,Smoke
685,281,Smoke
686,281,Smoke
687,281,Smoke
688,281,Smoke
689,281,Smoke
690,281,Smoke
691,281,Smoke
692,281,Smoke
693,280,Smoke
694,280,Smoke
695,280,Smoke
696,281,Smoke
697,280,Smoke
698,280,Smoke
699,280,Smoke
700,280,Smoke
701,280,Smoke
702,277,Smoke
703,280,Smoke
704,279,Smoke
705,279,Smoke
706,278,Smoke
707,279,Smoke
708,280,Smoke
709,281,Smoke
710,284,Smoke
711,288,Smoke
712,288,Smoke
713,288,Smoke
714,287,Smoke
715,287,Smoke
716,288,Smoke
717,298,Smoke
718,302,Smoke
719,300,Smoke
720,299,Smoke
721,299,Smoke
722,301,Smoke
723,305,Smoke
724,308,Smoke
725,305,Smoke
726,304,Smoke
727,302,Smoke
728,301,Smoke
729,302,Smoke
730,300,Smoke
731,299,Smoke
732,299,Smoke
733,298,Smoke
734,297,Smoke
735,297,Smoke
736,297,Smoke
737,296,Smoke
738,296,Smoke
739,296,Smoke
740,295,Smoke
741,295,Smoke
742,295,Smoke
743,294,Smoke
744,294,Smoke
745,294,Smoke
746,294,Smoke
747,293,Smoke
748,293,Smoke
749,293,Smoke
750,293,Smoke
751,293,Smoke
752,292,Smoke
753,292,Smoke
754,291,Smoke
755,291,Smoke
756,291,Smoke
757,291,Smoke
758,290,Smoke
759,290,Smoke
760,291,Smoke
761,290,Smoke
762,290,Smoke
763,290,Smoke
764,290,Smoke
765,290,Smoke
766,289,Smoke
767,289,Smoke
768,289,Smoke
769,289,Smoke
770,289,Smoke
771,289,Smoke
772,288,Smoke
773,289,Smoke
774,288,Smoke
775,288,Smoke
776,288,Smoke
777,288,Smoke
778,288,Smoke
779,289,Smoke
780,288,Smoke
781,288,Smoke
782,287,Smoke
783,287,Smoke
784,287,Smoke
785,287,Smoke
786,287,Smoke
787,287,Smoke
788,287,Smoke
789,287,Smoke
790,287,Smoke
791,287,Smoke
792,286,Smoke
793,286,Smoke
794,286,Smoke
795,286,Smoke
796,286,Smoke
797,286,Smoke
798,285,Smoke
799,285,Smoke
800,285,Smoke
801,285,Smoke
802,285,Smoke
803,285,Smoke
804,286,Smoke
805,285,Smoke
806,285,Smoke
807,285,Smoke
808,285,Smoke
809,285,Smoke
810,285,Smoke
811,284,Smoke
812,285,Smoke
813,285,Smoke
814,285,Smoke
815,284,Smoke
816,285,Smoke
817,285,Smoke
818,284,Smoke
819,285,Smoke
820,284,Smoke
821,284,Smoke
822,284,Smoke
823,284,Smoke
824,284,Smoke
825,283,Smoke
826,285,Smoke
827,284,Smoke
828,284,Smoke
829,285,Smoke
830,286,Smoke
831,286,Smoke
832,285,Smoke
833,285,Smoke
834,285,Smoke
835,287,Smoke
836,292,Smoke
837,303,Smoke
838,312,Smoke
839,310,Smoke
840,307,Smoke
841,312,Smoke
842,316,Smoke
843,326,Smoke
844,330,Smoke
845,323,Smoke
846,320,Smoke
847,318,Smoke
848,331,Smoke
849,347,Smoke
850,352,Smoke
851,347,Smoke
852,338,Smoke
853,345,Smoke
854,363,Smoke
855,376,Smoke
856,372,Smoke
857,360,Smoke
858,351,Smoke
859,346,Smoke
860,342,Smoke
861,338,Smoke
862,336,Smoke
863,334,Smoke
864,332,Smoke
865,330,Smoke
866,329,Smoke
867,328,Smoke
868,326,Smoke
869,325,Smoke
870,324,Smoke
871,323,Smoke
872,322,Smoke
873,321,Smoke
874,321,Smoke
875,320,Smoke
876,319,Smoke
877,319,Smoke
878,317,Smoke
879,317,Smoke
880,317,Smoke
881,317,Smoke
882,317,Smoke
883,316,Smoke
884,317,Smoke
885,315,Smoke
886,315,Smoke
887,315,Smoke
888,315,Smoke
889,314,Smoke
890,313,Smoke
891,313,Smoke
892,312,Smoke
893,312,Smoke
894,312,Smoke
895,312,Smoke
896,311,Smoke
897,311,Smoke
898,310,Smoke
899,308,Smoke
900,306,Smoke
901,308,Smoke
902,310,Smoke
903,307,Smoke
904,307,Smoke
905,307,Smoke
906,307,Smoke
907,305,Smoke
908,306,Smoke
909,305,Smoke
910,305,Smoke
911,305,Smoke
912,308,Smoke
913,305,Smoke
914,304,Smoke
915,304,Smoke
916,304,Smoke
917,304,Smoke
918,304,Smoke
919,303,Smoke
920,303,Smoke
921,303,Smoke
922,303,Smoke
923,303,Smoke
924,302,Smoke
925,302,Smoke
926,302,Smoke
927,302,Smoke
928,302,Smoke
929,302,Smoke
930,302,Smoke
931,302,Smoke
932,301,Smoke
933,301,Smoke
934,301,Smoke
935,301,Smoke
936,300,Smoke
937,301,Smoke
938,300,Smoke
939,300,Smoke
940,300,Smoke
941,300,Smoke
942,299,Smoke
943,300,Smoke
944,299,Smoke
945,299,Smoke
946,299,Smoke
947,298,Smoke
948,297,Smoke
949,297,Smoke
950,297,Smoke
951,291,Smoke
952,292,Smoke
953,293,Smoke
954,295,Smoke
955,295,Smoke
956,298,Smoke
957,299,Smoke
958,300,Smoke
959,300,Smoke
960,301,Smoke
961,300,Smoke
962,302,Smoke
963,303,Smoke
964,302,Smoke
965,303,Smoke
966,302,Smoke
967,302,Smoke
968,305,Smoke
969,303,Smoke
970,300,Smoke
971,301,Smoke
972,301,Smoke
973,302,Smoke
974,306,Smoke
975,307,Smoke
976,305,Smoke
977,300,Smoke
978,304,Smoke
979,304,Smoke
980,306,Smoke
981,306,Smoke
982,305,Smoke
983,305,Smoke
984,306,Smoke
985,305,Smoke
986,304,Smoke
987,303,Smoke
988,304,Smoke
989,304,Smoke
990,303,Smoke
991,303,Smoke
992,303,Smoke
993,296,Smoke
994,295,Smoke
995,295,Smoke
996,295,Smoke
997,295,Smoke
998,296,Smoke
999,295,Smoke
1000,295,Smoke
1001,295,Smoke
1002,294,Smoke
1003,295,Smoke
1004,295,Smoke
1005,295,Smoke
1006,296,Smoke
1007,297,Smoke
1008,294,Smoke
1009,294,Smoke
1010,294,Smoke
1011,295,Smoke
1012,294,Smoke
1013,294,Smoke
1014,294,Smoke
1015,294,Smoke
1016,295,Smoke
1017,294,Smoke
1018,294,Smoke
1019,296,Smoke
1020,302,Smoke
1021,302,Smoke
1022,302,Smoke
1023,308,Smoke
1024,317,Smoke
1025,323,Smoke
1026,327,Smoke
1027,329,Smoke
1028,329,Smoke
1029,329,Smoke
1030,329,Smoke
1031,326,Smoke
1032,326,Smoke
1033,328,Smoke
1034,330,Smoke
1035,331,Smoke
1036,332,Smoke
1037,331,Smoke
1038,328,Smoke
1039,327,Smoke
1040,327,Smoke
1041,327,Smoke
1042,326,Smoke
1043,325,Smoke
1044,325,Smoke
1045,324,Smoke
1046,324,Smoke
1047,324,Smoke
1048,324,Smoke
1049,323,Smoke
1050,321,Smoke
1051,321,Smoke
1052,320,Smoke
1053,320,Smoke
1054,319,Smoke
1055,319,Smoke
1056,318,Smoke
1057,318,Smoke
1058,317,Smoke
1059,317,Smoke
1060,316,Smoke
1061,316,Smoke
1062,316,Smoke
1063,315,Smoke
1064,315,Smoke
1065,315,Smoke
1066,314,Smoke
1067,315,Smoke
1068,315,Smoke
1069,314,Smoke
1070,314,Smoke
1071,309,Smoke
1072,309,Smoke
1073,309,Smoke
1074,309,Smoke
1075,308,Smoke
1076,308,Smoke
1077,308,Smoke
1078,309,Smoke
1079,308,Smoke
1080,308,Smoke
1081,307,Smoke
1082,307,Smoke
1083,306,Smoke
1084,308,Smoke
1085,308,Smoke
1086,309,Smoke
1087,308,Smoke
1088,308,Smoke
1089,307,Smoke
1090,308,Smoke
1091,307,Smoke
1092,306,Smoke
1093,307,Smoke
1094,307,Smoke
1095,307,Smoke
1096,309,Smoke
1097,308,Smoke
1098,307,Smoke
1099,308,Smoke
1100,309,Smoke
1101,310,Smoke
1102,312,Smoke
1103,311,Smoke
1104,312,Smoke
1105,312,Smoke
1106,311,Smoke
1107,311,Smoke
1108,313,Smoke
1109,315,Smoke
1110,316,Smoke
1111,317,Smoke
1112,317,Smoke
1113,317,Smoke
1114,319,Smoke
1115,324,Smoke
1116,331,Smoke
1117,333,Smoke
1118,332,Smoke
1119,331,Smoke
1120,330,Smoke
1121,330,Smoke
1122,331,Smoke
1123,333,Smoke
1124,333,Smoke
1125,333,Smoke
1126,333,Smoke
1127,333,Smoke
1128,330,Smoke
1129,330,Smoke
1130,328,Smoke
1131,326,Smoke
1132,325,Smoke
1133,325,Smoke
1134,324,Smoke
1135,324,Smoke
1136,323,Smoke
1137,323,Smoke
1138,322,Smoke
1139,322,Smoke
1140,322,Smoke
1141,321,Smoke
1142,321,Smoke
1143,320,Smoke
1144,320,Smoke
1145,320,Smoke
1146,319,Smoke
1147,320,Smoke
1148,320,Smoke
1149,320,Smoke
1150,332,Smoke
1151,326,Smoke
1152,328,Smoke
1153,325,Smoke
1154,323,Smoke
1155,322,Smoke
1156,325,Smoke
1157,327,Smoke
1158,321,Smoke
1159,336,Smoke
1160,329,Smoke
1161,318,Smoke
1162,327,Smoke
1163,318,Smoke
1164,324,Smoke
1165,321,Smoke
1166,325,Smoke
1167,328,Smoke
1168,326,Smoke
1169,327,Smoke
1170,324,Smoke
1171,325,Smoke
1172,327,Smoke
1173,325,Smoke
1174,325,Smoke
1175,325,Smoke
1176,329,Smoke
1177,321,Smoke
1178,320,Smoke
1179,320,Smoke
1180,323,Smoke
1181,326,Smoke
1182,327,Smoke
1183,328,Smoke
1184,328,Smoke
1185,329,Smoke
1186,333,Smoke
1187,333,Smoke
1188,334,Smoke
1189,335,Smoke
1190,339,Smoke
1191,337,Smoke
1192,335,Smoke
1193,337,Smoke
1194,337,Smoke
1195,336,Smoke
1196,336,Smoke
1197,338,Smoke
1198,339,Smoke
1199,339,Smoke
1200,338,Smoke
1201,340,Smoke
1202,350,Smoke
1203,360,Smoke
1204,366,Smoke
1205,361,Smoke
1206,357,Smoke
1207,357,Smoke
1208,356,Smoke
1209,356,Smoke
1210,353,Smoke
1211,351,Smoke
1212,349,Smoke
1213,349,Smoke
1214,348,Smoke
1215,348,Smoke
1216,345,Smoke
1217,346,Smoke
1218,342,Smoke
1219,341,Smoke
1220,340,Smoke
1221,341,Smoke
1222,339,Smoke
1223,343,Smoke
1224,339,Smoke
1225,339,Smoke
1226,339,Smoke
1227,338,Smoke
1228,322,Smoke
1229,322,Smoke
1230,320,Smoke
1231,320,Smoke
1232,320,Smoke
1233,322,Smoke
1234,325,Smoke
1235,325,Smoke
1236,322,Smoke
1237,324,Smoke
1238,319,Smoke
1239,320,Smoke
1240,319,Smoke
1241,319,Smoke
1242,320,Smoke
1243,320,Smoke
1244,321,Smoke
1245,321,Smoke
1246,321,Smoke
1247,322,Smoke
1248,321,Smoke
1249,322,Smoke
1250,322,Smoke
1251,318,Smoke
1252,322,Smoke
1253,322,Smoke
1254,319,Smoke
1255,326,Smoke
1256,330,Smoke
1257,326,Smoke
1258,324,Smoke
1259,334,Smoke
1260,333,Smoke
1261,336,Smoke
1262,333,Smoke
1263,332,Smoke
1264,332,Smoke
1265,341,Smoke
1266,348,Smoke
1267,350,Smoke
1268,345,Smoke
1269,350,Smoke
1270,361,Smoke
1271,366,Smoke
1272,349,Smoke
1273,357,Smoke
1274,357,Smoke
1275,356,Smoke
1276,374,Smoke
1277,375,Smoke
1278,361,Smoke
1279,352,Smoke
1280,349,Smoke
1281,350,Smoke
1282,363,Smoke
1283,370,Smoke
1284,366,Smoke
1285,368,Smoke
1286,369,Smoke
1287,366,Smoke
1288,361,Smoke
1289,357,Smoke
1290,353,Smoke
1291,352,Smoke
1292,351,Smoke
1293,349,Smoke
1294,351,Smoke
1295,346,Smoke
1296,346,Smoke
1297,348,Smoke
1298,348,Smoke
1299,345,Smoke
1300,348,Smoke
1301,347,Smoke
1302,344,Smoke
1303,345,Smoke
1304,344,Smoke
1305,330,Smoke
1306,329,Smoke
1307,329,Smoke
1308,330,Smoke
1309,330,Smoke
1310,323,Smoke
1311,323,Smoke
1312,323,Smoke
1313,324,Smoke
1314,326,Smoke
1315,327,Smoke
1316,327,Smoke
1317,327,Smoke
1318,327,Smoke
1319,326,Smoke
1320,327,Smoke
1321,327,Smoke
1322,327,Smoke
1323,326,Smoke
1324,327,Smoke
1325,326,Smoke
1326,327,Smoke
1327,327,Smoke
1328,328,Smoke
1329,329,Smoke
1330,333,Smoke
1331,335,Smoke
1332,337,Smoke
1333,337,Smoke
1334,337,Smoke
1335,336,Smoke
1336,336,Smoke
1337,337,Smoke
1338,343,Smoke
1339,344,Smoke
1340,344,Smoke
1341,343,Smoke
1342,342,Smoke
1343,345,Smoke
1344,348,Smoke
1345,351,Smoke
1346,350,Smoke
1347,349,Smoke
1348,348,Smoke
1349,347,Smoke
1350,346,Smoke
1351,347,Smoke
1352,365,Smoke
1353,371,Smoke
1354,369,Smoke
1355,368,Smoke
1356,365,Smoke
1357,364,Smoke
1358,367,Smoke
1359,371,Smoke
1360,372,Smoke
1361,369,Smoke
1362,368,Smoke
1363,369,Smoke
1364,379,Smoke
1365,375,Smoke
1366,372,Smoke
1367,371,Smoke
1368,368,Smoke
1369,368,Smoke
1370,367,Smoke
1371,365,Smoke
1372,365,Smoke
1373,365,Smoke
1374,362,Smoke
1375,349,Smoke
1376,347,Smoke
1377,350,Smoke
1378,349,Smoke
1379,346,Smoke
1380,347,Smoke
1381,349,Smoke
1382,351,Smoke
1383,349,Smoke
1384,349,Smoke
1385,347,Smoke
1386,344,Smoke
1387,342,Smoke
1388,342,Smoke
1389,345,Smoke
1390,340,Smoke
1391,341,Smoke
1392,343,Smoke
1393,345,Smoke
1394,346,Smoke
1395,345,Smoke
1396,347,Smoke
1397,345,Smoke
1398,348,Smoke
1399,348,Smoke
1400,347,Smoke
1401,343,Smoke
1402,346,Smoke
1403,347,Smoke
1404,347,Smoke
1405,346,Smoke
1406,347,Smoke
1407,349,Smoke
1408,350,Smoke
1409,353,Smoke
1410,353,Smoke
1411,357,Smoke
1412,360,Smoke
1413,360,Smoke
1414,360,Smoke
1415,358,Smoke
1416,359,Smoke
1417,360,Smoke
1418,357,Smoke
1419,357,Smoke
1420,356,Smoke
1421,359,Smoke
1422,360,Smoke
1423,362,Smoke
1424,359,Smoke
1425,359,Smoke
1426,357,Smoke
1427,358,Smoke
1428,357,Smoke
1429,356,Smoke
1430,355,Smoke
1431,355,Smoke
1432,354,Smoke
1433,354,Smoke
1434,355,Smoke
1435,354,Smoke
1436,354,Smoke
1437,355,Smoke
1438,354,Smoke
1439,353,Smoke
1440,342,Smoke
1441,339,Smoke
1442,338,Smoke
1443,336,Smoke
1444,337,Smoke
1445,336,Smoke
1446,337,Smoke
1447,336,Smoke
1448,338,Smoke
1449,338,Smoke
1450,341,Smoke
1451,339,Smoke
1452,350,Smoke
1453,338,Smoke
1454,347,Smoke
1455,342,Smoke
1456,341,Smoke
1457,342,Smoke
1458,349,Smoke
1459,345,Smoke
1460,347,Smoke
1461,349,Smoke
1462,350,Smoke
1463,353,Smoke
1464,351,Smoke
1465,347,Smoke
1466,343,Smoke
1467,344,Smoke
1468,339,Smoke
1469,338,Smoke
1470,341,Smoke
1471,338,Smoke
1472,340,Smoke
1473,338,Smoke
1474,340,Smoke
1475,344,Smoke
1476,341,Smoke
1477,342,Smoke
1478,337,Smoke
1479,340,Smoke
1480,348,Smoke
1481,346,Smoke
1482,345,Smoke
1483,344,Smoke
1484,344,Smoke
1485,344,Smoke
1486,345,Smoke
1487,352,Smoke
1488,352,Smoke
1489,356,Smoke
1490,348,Smoke
1491,344,Smoke
1492,348,Smoke
1493,357,Smoke
1494,362,Smoke
1495,357,Smoke
1496,350,Smoke
1497,358,Smoke
1498,357,Smoke
1499,356,Smoke
1500,344,Smoke
1501,340,Smoke
1502,339,Smoke
1503,362,Smoke
1504,339,Smoke
1505,337,Smoke
1506,338,Smoke
1507,340,Smoke
1508,355,Smoke
1509,354,Smoke
1510,357,Smoke
1511,360,Smoke
1512,356,Smoke
1513,334,Smoke
1514,334,Smoke
1515,334,Smoke
1516,334,Smoke
1517,334,Smoke
1518,334,Smoke
1519,334,Smoke
1520,333,Smoke
1521,333,Smoke
1522,333,Smoke
1523,333,Smoke
1524,332,Smoke
1525,333,Smoke
1526,333,Smoke
1527,333,Smoke
1528,332,Smoke
1529,332,Smoke
1530,332,Smoke
1531,332,Smoke
1532,332,Smoke
1533,332,Smoke
1534,333,Smoke
1535,332,Smoke
1536,332,Smoke
1537,332,Smoke
1538,333,Smoke
1539,334,Smoke
1540,334,Smoke
1541,334,Smoke
1542,334,Smoke
1543,334,Smoke
1544,335,Smoke
1545,340,Smoke
1546,342,Smoke
1547,342,Smoke
1548,342,Smoke
1549,342,Smoke
1550,344,Smoke
1551,346,Smoke
1552,347,Smoke
1553,347,Smoke
1554,347,Smoke
1555,348,Smoke
1556,347,Smoke
1557,348,Smoke
1558,348,Smoke
1559,348,Smoke
1560,349,Smoke
1561,348,Smoke
1562,349,Smoke
1563,348,Smoke
1564,347,Smoke
1565,347,Smoke
1566,346,Smoke
1567,346,Smoke
1568,345,Smoke
1569,345,Smoke
1570,345,Smoke
1571,345,Smoke
1572,345,Smoke
1573,336,Smoke
1574,336,Smoke
1575,336,Smoke
1576,336,Smoke
1577,336,Smoke
1578,336,Smoke
1579,336,Smoke
1580,336,Smoke
1581,336,Smoke
1582,335,Smoke
1583,335,Smoke
1584,335,Smoke
1585,336,Smoke
1586,335,Smoke
1587,335,Smoke
1588,335,Smoke
1589,335,Smoke
1590,335,Smoke
1591,335,Smoke
1592,336,Smoke
1593,336,Smoke
1594,335,Smoke
1595,335,Smoke
1596,335,Smoke
1597,335,Smoke
1598,337,Smoke
1599,336,Smoke
0,302,Mixture
1,314,Mixture
2,330,Mixture
3,339,Mixture
4,347,Mixture
5,356,Mixture
6,363,Mixture
7,373,Mixture
8,381,Mixture
9,384,Mixture
10,387,Mixture
11,392,Mixture
12,394,Mixture
13,396,Mixture
14,398,Mixture
15,395,Mixture
16,394,Mixture
17,394,Mixture
18,396,Mixture
19,395,Mixture
20,393,Mixture
21,393,Mixture
22,396,Mixture
23,397,Mixture
24,393,Mixture
25,386,Mixture
26,382,Mixture
27,375,Mixture
28,368,Mixture
29,363,Mixture
30,359,Mixture
31,357,Mixture
32,355,Mixture
33,355,Mixture
34,352,Mixture
35,348,Mixture
36,346,Mixture
37,344,Mixture
38,341,Mixture
39,342,Mixture
40,338,Mixture
41,337,Mixture
42,336,Mixture
43,335,Mixture
44,334,Mixture
45,334,Mixture
46,332,Mixture
47,331,Mixture
48,330,Mixture
49,329,Mixture
50,329,Mixture
51,328,Mixture
52,328,Mixture
53,322,Mixture
54,326,Mixture
55,325,Mixture
56,369,Mixture
57,379,Mixture
58,386,Mixture
59,394,Mixture
60,396,Mixture
61,397,Mixture
62,400,Mixture
63,398,Mixture
64,397,Mixture
65,397,Mixture
66,399,Mixture
67,399,Mixture
68,403,Mixture
69,405,Mixture
70,406,Mixture
71,405,Mixture
72,405,Mixture
73,404,Mixture
74,402,Mixture
75,400,Mixture
76,401,Mixture
77,402,Mixture
78,402,Mixture
79,404,Mixture
80,405,Mixture
81,405,Mixture
82,400,Mixture
83,394,Mixture
84,390,Mixture
85,388,Mixture
86,389,Mixture
87,385,Mixture
88,380,Mixture
89,376,Mixture
90,372,Mixture
91,370,Mixture
92,367,Mixture
93,366,Mixture
94,365,Mixture
95,362,Mixture
96,361,Mixture
97,359,Mixture
98,357,Mixture
99,356,Mixture
100,355,Mixture
101,354,Mixture
102,353,Mixture
103,352,Mixture
104,352,Mixture
105,350,Mixture
106,350,Mixture
107,350,Mixture
108,349,Mixture
109,348,Mixture
110,347,Mixture
111,346,Mixture
112,346,Mixture
113,345,Mixture
114,345,Mixture
115,344,Mixture
116,344,Mixture
117,343,Mixture
118,343,Mixture
119,343,Mixture
120,330,Mixture
121,346,Mixture
122,342,Mixture
123,338,Mixture
124,336,Mixture
125,365,Mixture
126,381,Mixture
127,396,Mixture
128,405,Mixture
129,411,Mixture
130,417,Mixture
131,419,Mixture
132,421,Mixture
133,423,Mixture
134,422,Mixture
135,416,Mixture
136,412,Mixture
137,410,Mixture
138,407,Mixture
139,407,Mixture
140,407,Mixture
141,406,Mixture
142,406,Mixture
143,407,Mixture
144,409,Mixture
145,412,Mixture
146,414,Mixture
147,414,Mixture
148,414,Mixture
149,414,Mixture
150,414,Mixture
151,415,Mixture
152,415,Mixture
153,414,Mixture
154,413,Mixture
155,416,Mixture
156,418,Mixture
157,420,Mixture
158,419,Mixture
159,418,Mixture
160,417,Mixture
161,417,Mixture
162,418,Mixture
163,418,Mixture
164,418,Mixture
165,419,Mixture
166,419,Mixture
167,418,Mixture
168,412,Mixture
169,407,Mixture
170,404,Mixture
171,402,Mixture
172,402,Mixture
173,401,Mixture
174,401,Mixture
175,399,Mixture
176,396,Mixture
177,393,Mixture
178,390,Mixture
179,388,Mixture
180,385,Mixture
181,383,Mixture
182,380,Mixture
183,377,Mixture
184,377,Mixture
185,375,Mixture
186,374,Mixture
187,372,Mixture
188,372,Mixture
189,370,Mixture
190,369,Mixture
191,369,Mixture
192,368,Mixture
193,367,Mixture
194,367,Mixture
195,366,Mixture
196,365,Mixture
197,364,Mixture
198,364,Mixture
199,363,Mixture
200,362,Mixture
201,362,Mixture
202,362,Mixture
203,362,Mixture
204,361,Mixture
205,361,Mixture
206,359,Mixture
207,358,Mixture
208,359,Mixture
209,358,Mixture
210,358,Mixture
211,359,Mixture
212,359,Mixture
213,359,Mixture
214,360,Mixture
215,359,Mixture
216,358,Mixture
217,358,Mixture
218,356,Mixture
219,356,Mixture
220,355,Mixture
221,356,Mixture
222,355,Mixture
223,355,Mixture
224,356,Mixture
225,354,Mixture
226,355,Mixture
227,353,Mixture
228,354,Mixture
229,352,Mixture
230,352,Mixture
231,351,Mixture
232,368,Mixture
233,393,Mixture
234,400,Mixture
235,397,Mixture
236,389,Mixture
237,382,Mixture
238,379,Mixture
239,376,Mixture
240,375,Mixture
241,372,Mixture
242,386,Mixture
243,389,Mixture
244,384,Mixture
245,389,Mixture
246,393,Mixture
247,393,Mixture
248,387,Mixture
249,381,Mixture
250,377,Mixture
251,382,Mixture
252,399,Mixture
253,410,Mixture
254,415,Mixture
255,421,Mixture
256,424,Mixture
257,425,Mixture
258,427,Mixture
259,431,Mixture
260,432,Mixture
261,431,Mixture
262,432,Mixture
263,433,Mixture
264,433,Mixture
265,433,Mixture
266,434,Mixture
267,436,Mixture
268,437,Mixture
269,437,Mixture
270,437,Mixture
271,430,Mixture
272,421,Mixture
273,414,Mixture
274,409,Mixture
275,404,Mixture
276,401,Mixture
277,399,Mixture
278,396,Mixture
279,394,Mixture
280,392,Mixture
281,390,Mixture
282,389,Mixture
283,388,Mixture
284,385,Mixture
285,385,Mixture
286,383,Mixture
287,382,Mixture
288,380,Mixture
289,379,Mixture
290,378,Mixture
291,378,Mixture
292,376,Mixture
293,376,Mixture
294,374,Mixture
295,372,Mixture
296,371,Mixture
297,369,Mixture
298,363,Mixture
299,363,Mixture
300,362,Mixture
301,362,Mixture
302,366,Mixture
303,371,Mixture
304,372,Mixture
305,373,Mixture
306,371,Mixture
307,370,Mixture
308,370,Mixture
309,370,Mixture
310,370,Mixture
311,372,Mixture
312,370,Mixture
313,371,Mixture
314,369,Mixture
315,369,Mixture
316,369,Mixture
317,369,Mixture
318,369,Mixture
319,366,Mixture
320,365,Mixture
321,366,Mixture
322,362,Mixture
323,362,Mixture
324,356,Mixture
325,356,Mixture
326,355,Mixture
327,355,Mixture
328,356,Mixture
329,355,Mixture
330,355,Mixture
331,356,Mixture
332,357,Mixture
333,356,Mixture
334,355,Mixture
335,360,Mixture
336,358,Mixture
337,358,Mixture
338,356,Mixture
339,368,Mixture
340,364,Mixture
341,361,Mixture
342,358,Mixture
343,358,Mixture
344,373,Mixture
345,411,Mixture
346,433,Mixture
347,441,Mixture
348,442,Mixture
349,439,Mixture
350,432,Mixture
351,422,Mixture
352,414,Mixture
353,409,Mixture
354,409,Mixture
355,417,Mixture
356,418,Mixture
357,424,Mixture
358,425,Mixture
359,426,Mixture
360,427,Mixture
361,426,Mixture
362,425,Mixture
363,425,Mixture
364,425,Mixture
365,426,Mixture
366,431,Mixture
367,435,Mixture
368,437,Mixture
369,437,Mixture
370,435,Mixture
371,435,Mixture
372,435,Mixture
373,438,Mixture
374,438,Mixture
375,438,Mixture
376,437,Mixture
377,436,Mixture
378,436,Mixture
379,430,Mixture
380,425,Mixture
381,419,Mixture
382,413,Mixture
383,408,Mixture
384,404,Mixture
385,401,Mixture
386,397,Mixture
387,395,Mixture
388,392,Mixture
389,391,Mixture
390,389,Mixture
391,388,Mixture
392,387,Mixture
393,386,Mixture
394,384,Mixture
395,384,Mixture
396,382,Mixture
397,382,Mixture
398,381,Mixture
399,380,Mixture
400,379,Mixture
401,379,Mixture
402,379,Mixture
403,379,Mixture
404,380,Mixture
405,381,Mixture
406,381,Mixture
407,381,Mixture
408,382,Mixture
409,383,Mixture
410,385,Mixture
411,384,Mixture
412,384,Mixture
413,384,Mixture
414,384,Mixture
415,383,Mixture
416,382,Mixture
417,383,Mixture
418,387,Mixture
419,389,Mixture
420,392,Mixture
421,393,Mixture
422,394,Mixture
423,394,Mixture
424,396,Mixture
425,397,Mixture
426,398,Mixture
427,398,Mixture
428,398,Mixture
429,397,Mixture
430,398,Mixture
431,398,Mixture
432,398,Mixture
433,398,Mixture
434,398,Mixture
435,399,Mixture
436,400,Mixture
437,401,Mixture
438,401,Mixture
439,401,Mixture
440,400,Mixture
441,400,Mixture
442,400,Mixture
443,400,Mixture
444,397,Mixture
445,394,Mixture
446,391,Mixture
447,388,Mixture
448,385,Mixture
449,383,Mixture
450,380,Mixture
451,379,Mixture
452,379,Mixture
453,378,Mixture
454,377,Mixture
455,377,Mixture
456,376,Mixture
457,376,Mixture
458,375,Mixture
459,374,Mixture
460,375,Mixture
461,375,Mixture
462,374,Mixture
463,374,Mixture
464,391,Mixture
465,417,Mixture
466,440,Mixture
467,447,Mixture
468,451,Mixture
469,451,Mixture
470,448,Mixture
471,444,Mixture
472,442,Mixture
473,441,Mixture
474,441,Mixture
475,442,Mixture
476,442,Mixture
477,446,Mixture
478,444,Mixture
479,447,Mixture
480,445,Mixture
481,447,Mixture
482,449,Mixture
483,450,Mixture
484,450,Mixture
485,449,Mixture
486,447,Mixture
487,442,Mixture
488,442,Mixture
489,442,Mixture
490,442,Mixture
491,442,Mixture
492,445,Mixture
493,448,Mixture
494,449,Mixture
495,448,Mixture
496,447,Mixture
497,444,Mixture
498,442,Mixture
499,439,Mixture
500,435,Mixture
501,433,Mixture
502,430,Mixture
503,430,Mixture
504,431,Mixture
505,434,Mixture
506,436,Mixture
507,437,Mixture
508,439,Mixture
509,444,Mixture
510,447,Mixture
511,451,Mixture
512,450,Mixture
513,451,Mixture
514,450,Mixture
515,447,Mixture
516,443,Mixture
517,439,Mixture
518,433,Mixture
519,426,Mixture
520,421,Mixture
521,417,Mixture
522,414,Mixture
523,411,Mixture
524,408,Mixture
525,405,Mixture
526,403,Mixture
527,401,Mixture
528,400,Mixture
529,398,Mixture
530,396,Mixture
531,395,Mixture
532,394,Mixture
533,393,Mixture
534,392,Mixture
535,390,Mixture
536,389,Mixture
537,388,Mixture
538,387,Mixture
539,386,Mixture
540,384,Mixture
541,384,Mixture
542,383,Mixture
543,382,Mixture
544,382,Mixture
545,381,Mixture
546,380,Mixture
547,380,Mixture
548,378,Mixture
549,378,Mixture
550,379,Mixture
551,377,Mixture
552,376,Mixture
553,376,Mixture
554,375,Mixture
555,422,Mixture
556,433,Mixture
557,425,Mixture
558,421,Mixture
559,410,Mixture
560,404,Mixture
561,397,Mixture
562,413,Mixture
563,438,Mixture
564,442,Mixture
565,438,Mixture
566,432,Mixture
567,422,Mixture
568,414,Mixture
569,418,Mixture
570,426,Mixture
571,441,Mixture
572,449,Mixture
573,446,Mixture
574,440,Mixture
575,434,Mixture
576,430,Mixture
577,425,Mixture
578,423,Mixture
579,419,Mixture
580,419,Mixture
581,420,Mixture
582,424,Mixture
583,425,Mixture
584,430,Mixture
585,431,Mixture
586,431,Mixture
587,429,Mixture
588,425,Mixture
589,423,Mixture
590,417,Mixture
591,412,Mixture
592,408,Mixture
593,403,Mixture
594,400,Mixture
595,397,Mixture
596,395,Mixture
597,393,Mixture
598,356,Mixture
599,356,Mixture
600,357,Mixture
601,358,Mixture
602,358,Mixture
603,357,Mixture
604,355,Mixture
605,358,Mixture
606,398,Mixture
607,420,Mixture
608,429,Mixture
609,446,Mixture
610,450,Mixture
611,451,Mixture
612,459,Mixture
613,460,Mixture
614,456,Mixture
615,450,Mixture
616,442,Mixture
617,434,Mixture
618,428,Mixture
619,423,Mixture
620,417,Mixture
621,413,Mixture
622,414,Mixture
623,423,Mixture
624,429,Mixture
625,434,Mixture
626,439,Mixture
627,441,Mixture
628,443,Mixture
629,444,Mixture
630,444,Mixture
631,444,Mixture
632,444,Mixture
633,443,Mixture
634,439,Mixture
635,437,Mixture
636,431,Mixture
637,422,Mixture
638,417,Mixture
639,411,Mixture
640,407,Mixture
641,404,Mixture
642,401,Mixture
643,399,Mixture
644,396,Mixture
645,395,Mixture
646,393,Mixture
647,392,Mixture
648,390,Mixture
649,388,Mixture
650,386,Mixture
651,385,Mixture
652,384,Mixture
653,359,Mixture
654,358,Mixture
655,360,Mixture
656,360,Mixture
657,363,Mixture
658,363,Mixture
659,358,Mixture
660,370,Mixture
661,380,Mixture
662,386,Mixture
663,390,Mixture
664,394,Mixture
665,399,Mixture
666,412,Mixture
667,421,Mixture
668,426,Mixture
669,424,Mixture
670,424,Mixture
671,429,Mixture
672,433,Mixture
673,445,Mixture
674,456,Mixture
675,457,Mixture
676,465,Mixture
677,477,Mixture
678,482,Mixture
679,475,Mixture
680,468,Mixture
681,462,Mixture
682,452,Mixture
683,447,Mixture
684,446,Mixture
685,443,Mixture
686,438,Mixture
687,441,Mixture
688,445,Mixture
689,438,Mixture
690,429,Mixture
691,422,Mixture
692,418,Mixture
693,414,Mixture
694,412,Mixture
695,409,Mixture
696,406,Mixture
697,402,Mixture
698,404,Mixture
699,400,Mixture
700,398,Mixture
701,396,Mixture
702,398,Mixture
703,401,Mixture
704,405,Mixture
705,403,Mixture
706,401,Mixture
707,399,Mixture
708,397,Mixture
709,395,Mixture
710,393,Mixture
711,389,Mixture
712,388,Mixture
713,387,Mixture
714,386,Mixture
715,385,Mixture
716,385,Mixture
717,383,Mixture
718,383,Mixture
719,383,Mixture
720,382,Mixture
721,383,Mixture
722,384,Mixture
723,385,Mixture
724,385,Mixture
725,384,Mixture
726,386,Mixture
727,387,Mixture
728,388,Mixture
729,390,Mixture
730,394,Mixture
731,400,Mixture
732,410,Mixture
733,418,Mixture
734,424,Mixture
735,429,Mixture
736,430,Mixture
737,430,Mixture
738,427,Mixture
739,425,Mixture
740,424,Mixture
741,427,Mixture
742,428,Mixture
743,429,Mixture
744,432,Mixture
745,433,Mixture
746,436,Mixture
747,437,Mixture
748,436,Mixture
749,431,Mixture
750,429,Mixture
751,428,Mixture
752,428,Mixture
753,425,Mixture
754,420,Mixture
755,419,Mixture
756,413,Mixture
757,410,Mixture
758,407,Mixture
759,404,Mixture
760,401,Mixture
761,397,Mixture
762,395,Mixture
763,393,Mixture
764,391,Mixture
765,390,Mixture
766,388,Mixture
767,387,Mixture
768,386,Mixture
769,384,Mixture
770,383,Mixture
771,384,Mixture
772,383,Mixture
773,382,Mixture
774,381,Mixture
775,381,Mixture
776,380,Mixture
777,379,Mixture
778,381,Mixture
779,396,Mixture
780,409,Mixture
781,417,Mixture
782,424,Mixture
783,427,Mixture
784,432,Mixture
785,441,Mixture
786,441,Mixture
787,437,Mixture
788,433,Mixture
789,431,Mixture
790,431,Mixture
791,428,Mixture
792,426,Mixture
793,426,Mixture
794,428,Mixture
795,428,Mixture
796,428,Mixture
797,424,Mixture
798,420,Mixture
799,418,Mixture
800,419,Mixture
801,424,Mixture
802,436,Mixture
803,447,Mixture
804,456,Mixture
805,456,Mixture
806,453,Mixture
807,445,Mixture
808,443,Mixture
809,442,Mixture
810,439,Mixture
811,439,Mixture
812,439,Mixture
813,441,Mixture
814,444,Mixture
815,446,Mixture
816,445,Mixture
817,442,Mixture
818,441,Mixture
819,437,Mixture
820,434,Mixture
821,433,Mixture
822,430,Mixture
823,423,Mixture
824,419,Mixture
825,414,Mixture
826,412,Mixture
827,408,Mixture
828,405,Mixture
829,403,Mixture
830,400,Mixture
831,398,Mixture
832,397,Mixture
833,394,Mixture
834,394,Mixture
835,392,Mixture
836,390,Mixture
837,390,Mixture
838,388,Mixture
839,388,Mixture
840,387,Mixture
841,387,Mixture
842,388,Mixture
843,389,Mixture
844,389,Mixture
845,391,Mixture
846,393,Mixture
847,398,Mixture
848,406,Mixture
849,413,Mixture
850,418,Mixture
851,422,Mixture
852,420,Mixture
853,416,Mixture
854,412,Mixture
855,410,Mixture
856,408,Mixture
857,405,Mixture
858,401,Mixture
859,399,Mixture
860,398,Mixture
861,396,Mixture
862,394,Mixture
863,393,Mixture
864,390,Mixture
865,390,Mixture
866,388,Mixture
867,386,Mixture
868,385,Mixture
869,383,Mixture
870,383,Mixture
871,380,Mixture
872,380,Mixture
873,379,Mixture
874,377,Mixture
875,377,Mixture
876,376,Mixture
877,375,Mixture
878,375,Mixture
879,375,Mixture
880,374,Mixture
881,374,Mixture
882,372,Mixture
883,373,Mixture
884,372,Mixture
885,372,Mixture
886,372,Mixture
887,375,Mixture
888,378,Mixture
889,375,Mixture
890,377,Mixture
891,374,Mixture
892,372,Mixture
893,384,Mixture
894,388,Mixture
895,408,Mixture
896,424,Mixture
897,427,Mixture
898,400,Mixture
899,440,Mixture
900,452,Mixture
901,454,Mixture
902,453,Mixture
903,455,Mixture
904,455,Mixture
905,453,Mixture
906,460,Mixture
907,465,Mixture
908,460,Mixture
909,457,Mixture
910,448,Mixture
911,440,Mixture
912,431,Mixture
913,424,Mixture
914,418,Mixture
915,414,Mixture
916,410,Mixture
917,413,Mixture
918,420,Mixture
919,426,Mixture
920,432,Mixture
921,434,Mixture
922,435,Mixture
923,436,Mixture
924,436,Mixture
925,435,Mixture
926,431,Mixture
927,428,Mixture
928,426,Mixture
929,425,Mixture
930,423,Mixture
931,423,Mixture
932,424,Mixture
933,423,Mixture
934,422,Mixture
935,420,Mixture
936,420,Mixture
937,421,Mixture
938,422,Mixture
939,417,Mixture
940,414,Mixture
941,409,Mixture
942,406,Mixture
943,401,Mixture
944,398,Mixture
945,397,Mixture
946,394,Mixture
947,393,Mixture
948,392,Mixture
949,390,Mixture
950,389,Mixture
951,387,Mixture
952,386,Mixture
953,385,Mixture
954,385,Mixture
955,384,Mixture
956,383,Mixture
957,380,Mixture
958,380,Mixture
959,379,Mixture
960,379,Mixture
961,379,Mixture
962,380,Mixture
963,380,Mixture
964,380,Mixture
965,380,Mixture
966,380,Mixture
967,379,Mixture
968,379,Mixture
969,378,Mixture
970,378,Mixture
971,377,Mixture
972,379,Mixture
973,378,Mixture
974,377,Mixture
975,378,Mixture
976,379,Mixture
977,379,Mixture
978,382,Mixture
979,383,Mixture
980,384,Mixture
981,383,Mixture
982,383,Mixture
983,382,Mixture
984,382,Mixture
985,384,Mixture
986,386,Mixture
987,389,Mixture
988,392,Mixture
989,395,Mixture
990,398,Mixture
991,400,Mixture
992,401,Mixture
993,402,Mixture
994,404,Mixture
995,404,Mixture
996,406,Mixture
997,413,Mixture
998,419,Mixture
999,430,Mixture
1000,439,Mixture
1001,438,Mixture
1002,442,Mixture
1003,440,Mixture
1004,433,Mixture
1005,431,Mixture
1006,430,Mixture
1007,425,Mixture
1008,419,Mixture
1009,413,Mixture
1010,409,Mixture
1011,407,Mixture
1012,416,Mixture
1013,422,Mixture
1014,423,Mixture
1015,423,Mixture
1016,436,Mixture
1017,431,Mixture
1018,432,Mixture
1019,432,Mixture
1020,437,Mixture
1021,437,Mixture
1022,436,Mixture
1023,438,Mixture
1024,440,Mixture
1025,442,Mixture
1026,438,Mixture
1027,435,Mixture
1028,437,Mixture
1029,439,Mixture
1030,440,Mixture
1031,439,Mixture
1032,437,Mixture
1033,440,Mixture
1034,443,Mixture
1035,445,Mixture
1036,446,Mixture
1037,447,Mixture
1038,449,Mixture
1039,448,Mixture
1040,444,Mixture
1041,440,Mixture
1042,439,Mixture
1043,438,Mixture
1044,438,Mixture
1045,438,Mixture
1046,437,Mixture
1047,435,Mixture
1048,434,Mixture
1049,433,Mixture
1050,428,Mixture
1051,425,Mixture
1052,420,Mixture
1053,418,Mixture
1054,417,Mixture
1055,416,Mixture
1056,416,Mixture
1057,416,Mixture
1058,416,Mixture
1059,419,Mixture
1060,426,Mixture
1061,430,Mixture
1062,431,Mixture
1063,433,Mixture
1064,435,Mixture
1065,430,Mixture
1066,422,Mixture
1067,418,Mixture
1068,414,Mixture
1069,412,Mixture
1070,410,Mixture
1071,407,Mixture
1072,406,Mixture
1073,405,Mixture
1074,404,Mixture
1075,403,Mixture
1076,402,Mixture
1077,398,Mixture
1078,398,Mixture
1079,398,Mixture
1080,396,Mixture
1081,394,Mixture
1082,392,Mixture
1083,390,Mixture
1084,389,Mixture
1085,388,Mixture
1086,388,Mixture
1087,387,Mixture
1088,388,Mixture
1089,387,Mixture
1090,386,Mixture
1091,386,Mixture
1092,384,Mixture
1093,383,Mixture
1094,383,Mixture
1095,382,Mixture
1096,383,Mixture
1097,382,Mixture
1098,381,Mixture
1099,381,Mixture
1100,380,Mixture
1101,380,Mixture
1102,378,Mixture
1103,378,Mixture
1104,377,Mixture
1105,374,Mixture
1106,375,Mixture
1107,374,Mixture
1108,375,Mixture
1109,386,Mixture
1110,386,Mixture
1111,385,Mixture
1112,380,Mixture
1113,376,Mixture
1114,399,Mixture
1115,406,Mixture
1116,392,Mixture
1117,383,Mixture
1118,381,Mixture
1119,378,Mixture
1120,375,Mixture
1121,379,Mixture
1122,387,Mixture
1123,386,Mixture
1124,382,Mixture
1125,378,Mixture
1126,375,Mixture
1127,383,Mixture
1128,399,Mixture
1129,411,Mixture
1130,415,Mixture
1131,417,Mixture
1132,416,Mixture
1133,430,Mixture
1134,433,Mixture
1135,450,Mixture
1136,460,Mixture
1137,465,Mixture
1138,469,Mixture
1139,474,Mixture
1140,474,Mixture
1141,472,Mixture
1142,466,Mixture
1143,459,Mixture
1144,454,Mixture
1145,448,Mixture
1146,442,Mixture
1147,443,Mixture
1148,443,Mixture
1149,443,Mixture
1150,440,Mixture
1151,438,Mixture
1152,437,Mixture
1153,439,Mixture
1154,438,Mixture
1155,437,Mixture
1156,436,Mixture
1157,436,Mixture
1158,436,Mixture
1159,435,Mixture
1160,434,Mixture
1161,436,Mixture
1162,440,Mixture
1163,443,Mixture
1164,444,Mixture
1165,445,Mixture
1166,446,Mixture
1167,444,Mixture
1168,444,Mixture
1169,444,Mixture
1170,442,Mixture
1171,443,Mixture
1172,441,Mixture
1173,436,Mixture
1174,433,Mixture
1175,433,Mixture
1176,433,Mixture
1177,430,Mixture
1178,429,Mixture
1179,423,Mixture
1180,421,Mixture
1181,418,Mixture
1182,414,Mixture
1183,411,Mixture
1184,407,Mixture
1185,405,Mixture
1186,403,Mixture
1187,401,Mixture
1188,400,Mixture
1189,398,Mixture
1190,396,Mixture
1191,395,Mixture
1192,396,Mixture
1193,394,Mixture
1194,392,Mixture
1195,391,Mixture
1196,390,Mixture
1197,388,Mixture
1198,387,Mixture
1199,386,Mixture
1200,385,Mixture
1201,384,Mixture
1202,383,Mixture
1203,383,Mixture
1204,382,Mixture
1205,381,Mixture
1206,381,Mixture
1207,382,Mixture
1208,381,Mixture
1209,380,Mixture
1210,381,Mixture
1211,381,Mixture
1212,381,Mixture
1213,383,Mixture
1214,386,Mixture
1215,385,Mixture
1216,386,Mixture
1217,385,Mixture
1218,390,Mixture
1219,390,Mixture
1220,389,Mixture
1221,388,Mixture
1222,388,Mixture
1223,385,Mixture
1224,382,Mixture
1225,381,Mixture
1226,379,Mixture
1227,368,Mixture
1228,368,Mixture
1229,369,Mixture
1230,369,Mixture
1231,368,Mixture
1232,357,Mixture
1233,354,Mixture
1234,353,Mixture
1235,351,Mixture
1236,350,Mixture
1237,351,Mixture
1238,354,Mixture
1239,371,Mixture
1240,387,Mixture
1241,392,Mixture
1242,386,Mixture
1243,385,Mixture
1244,380,Mixture
1245,380,Mixture
1246,387,Mixture
1247,390,Mixture
1248,399,Mixture
1249,431,Mixture
1250,453,Mixture
1251,458,Mixture
1252,459,Mixture
1253,460,Mixture
1254,454,Mixture
1255,450,Mixture
1256,441,Mixture
1257,450,Mixture
1258,465,Mixture
1259,466,Mixture
1260,470,Mixture
1261,471,Mixture
1262,474,Mixture
1263,476,Mixture
1264,472,Mixture
1265,469,Mixture
1266,462,Mixture
1267,450,Mixture
1268,441,Mixture
1269,433,Mixture
1270,427,Mixture
1271,423,Mixture
1272,418,Mixture
1273,415,Mixture
1274,411,Mixture
1275,409,Mixture
1276,407,Mixture
1277,407,Mixture
1278,404,Mixture
1279,402,Mixture
1280,400,Mixture
1281,398,Mixture
1282,396,Mixture
1283,395,Mixture
1284,393,Mixture
1285,392,Mixture
1286,391,Mixture
1287,390,Mixture
1288,390,Mixture
1289,390,Mixture
1290,389,Mixture
1291,389,Mixture
1292,388,Mixture
1293,389,Mixture
1294,387,Mixture
1295,386,Mixture
1296,386,Mixture
1297,385,Mixture
1298,384,Mixture
1299,384,Mixture
1300,383,Mixture
1301,382,Mixture
1302,382,Mixture
1303,382,Mixture
1304,382,Mixture
1305,381,Mixture
1306,380,Mixture
1307,379,Mixture
1308,377,Mixture
1309,376,Mixture
1310,376,Mixture
1311,375,Mixture
1312,373,Mixture
1313,373,Mixture
1314,372,Mixture
1315,371,Mixture
1316,371,Mixture
1317,370,Mixture
1318,369,Mixture
1319,368,Mixture
1320,367,Mixture
1321,367,Mixture
1322,367,Mixture
1323,367,Mixture
1324,366,Mixture
1325,366,Mixture
1326,365,Mixture
1327,365,Mixture
1328,364,Mixture
1329,364,Mixture
1330,364,Mixture
1331,363,Mixture
1332,362,Mixture
1333,361,Mixture
1334,361,Mixture
1335,360,Mixture
1336,361,Mixture
1337,360,Mixture
1338,359,Mixture
1339,359,Mixture
1340,358,Mixture
1341,357,Mixture
1342,357,Mixture
1343,358,Mixture
1344,358,Mixture
1345,360,Mixture
1346,359,Mixture
1347,357,Mixture
1348,351,Mixture
1349,351,Mixture
1350,351,Mixture
1351,351,Mixture
1352,350,Mixture
1353,351,Mixture
1354,350,Mixture
1355,351,Mixture
1356,352,Mixture
1357,352,Mixture
1358,352,Mixture
1359,352,Mixture
1360,355,Mixture
1361,356,Mixture
1362,356,Mixture
1363,356,Mixture
1364,355,Mixture
1365,354,Mixture
1366,352,Mixture
1367,353,Mixture
1368,351,Mixture
1369,352,Mixture
1370,353,Mixture
1371,353,Mixture
1372,354,Mixture
1373,354,Mixture
1374,354,Mixture
1375,352,Mixture
1376,352,Mixture
1377,374,Mixture
1378,370,Mixture
1379,363,Mixture
1380,383,Mixture
1381,406,Mixture
1382,427,Mixture
1383,438,Mixture
1384,435,Mixture
1385,423,Mixture
1386,428,Mixture
1387,411,Mixture
1388,403,Mixture
1389,403,Mixture
1390,395,Mixture
1391,390,Mixture
1392,386,Mixture
1393,384,Mixture
1394,381,Mixture
1395,379,Mixture
1396,377,Mixture
1397,378,Mixture
1398,386,Mixture
1399,397,Mixture
1400,422,Mixture
1401,442,Mixture
1402,452,Mixture
1403,455,Mixture
1404,457,Mixture
1405,449,Mixture
1406,439,Mixture
1407,433,Mixture
1408,429,Mixture
1409,441,Mixture
1410,450,Mixture
1411,458,Mixture
1412,466,Mixture
1413,472,Mixture
1414,473,Mixture
1415,475,Mixture
1416,470,Mixture
1417,466,Mixture
1418,473,Mixture
1419,464,Mixture
1420,458,Mixture
1421,459,Mixture
1422,455,Mixture
1423,458,Mixture
1424,456,Mixture
1425,450,Mixture
1426,448,Mixture
1427,451,Mixture
1428,459,Mixture
1429,457,Mixture
1430,466,Mixture
1431,472,Mixture
1432,471,Mixture
1433,464,Mixture
1434,462,Mixture
1435,459,Mixture
1436,455,Mixture
1437,452,Mixture
1438,449,Mixture
1439,443,Mixture
1440,440,Mixture
1441,440,Mixture
1442,441,Mixture
1443,440,Mixture
1444,437,Mixture
1445,433,Mixture
1446,433,Mixture
1447,431,Mixture
1448,430,Mixture
1449,429,Mixture
1450,429,Mixture
1451,429,Mixture
1452,429,Mixture
1453,429,Mixture
1454,431,Mixture
1455,434,Mixture
1456,435,Mixture
1457,436,Mixture
1458,437,Mixture
1459,437,Mixture
1460,438,Mixture
1461,438,Mixture
1462,439,Mixture
1463,440,Mixture
1464,440,Mixture
1465,439,Mixture
1466,438,Mixture
1467,437,Mixture
1468,435,Mixture
1469,434,Mixture
1470,432,Mixture
1471,432,Mixture
1472,432,Mixture
1473,431,Mixture
1474,430,Mixture
1475,429,Mixture
1476,429,Mixture
1477,428,Mixture
1478,428,Mixture
1479,429,Mixture
1480,430,Mixture
1481,430,Mixture
1482,430,Mixture
1483,432,Mixture
1484,431,Mixture
1485,430,Mixture
1486,428,Mixture
1487,428,Mixture
1488,427,Mixture
1489,425,Mixture
1490,424,Mixture
1491,424,Mixture
1492,423,Mixture
1493,422,Mixture
1494,423,Mixture
1495,423,Mixture
1496,421,Mixture
1497,420,Mixture
1498,420,Mixture
1499,420,Mixture
1500,419,Mixture
1501,418,Mixture
1502,416,Mixture
1503,417,Mixture
1504,416,Mixture
1505,416,Mixture
1506,417,Mixture
1507,416,Mixture
1508,416,Mixture
1509,416,Mixture
1510,416,Mixture
1511,415,Mixture
1512,415,Mixture
1513,416,Mixture
1514,416,Mixture
1515,416,Mixture
1516,415,Mixture
1517,415,Mixture
1518,415,Mixture
1519,414,Mixture
1520,414,Mixture
1521,413,Mixture
1522,413,Mixture
1523,412,Mixture
1524,409,Mixture
1525,407,Mixture
1526,406,Mixture
1527,405,Mixture
1528,404,Mixture
1529,404,Mixture
1530,403,Mixture
1531,402,Mixture
1532,402,Mixture
1533,401,Mixture
1534,400,Mixture
1535,401,Mixture
1536,400,Mixture
1537,400,Mixture
1538,400,Mixture
1539,400,Mixture
1540,399,Mixture
1541,398,Mixture
1542,397,Mixture
1543,397,Mixture
1544,398,Mixture
1545,396,Mixture
1546,396,Mixture
1547,394,Mixture
1548,393,Mixture
1549,392,Mixture
1550,391,Mixture
1551,390,Mixture
1552,391,Mixture
1553,389,Mixture
1554,389,Mixture
1555,388,Mixture
1556,387,Mixture
1557,399,Mixture
1558,404,Mixture
1559,417,Mixture
1560,428,Mixture
1561,437,Mixture
1562,439,Mixture
1563,427,Mixture
1564,420,Mixture
1565,425,Mixture
1566,430,Mixture
1567,432,Mixture
1568,433,Mixture
1569,432,Mixture
1570,432,Mixture
1571,430,Mixture
1572,429,Mixture
1573,427,Mixture
1574,426,Mixture
1575,425,Mixture
1576,425,Mixture
1577,426,Mixture
1578,427,Mixture
1579,428,Mixture
1580,432,Mixture
1581,436,Mixture
1582,450,Mixture
1583,443,Mixture
1584,441,Mixture
1585,439,Mixture
1586,440,Mixture
1587,442,Mixture
1588,443,Mixture
1589,443,Mixture
1590,442,Mixture
1591,439,Mixture
1592,437,Mixture
1593,437,Mixture
1594,436,Mixture
1595,436,Mixture
1596,431,Mixture
1597,429,Mixture
1598,430,Mixture
1599,434,Mixture
